ID,yhat
18288,213.6335704
18289,185.4315292
18290,157.2093902
18291,135.2719338
18292,121.1265449
18293,113.3874847
18294,112.7400986
18295,123.7996929
18296,150.7903025
18297,190.7800847
18298,231.7150559
18299,258.6957086
18300,264.1283065
18301,253.1176758
18302,239.174764
18303,233.7766452
18304,238.6460031
18305,246.8353918
18306,250.5523624
18307,247.9062402
18308,242.6404376
18309,238.197892
18310,232.8431019
18311,220.938445
18312,198.8629927
18313,169.334113
18314,139.744745
18315,116.4326809
18316,100.9192725
18317,91.82158982
18318,89.83719249
18319,99.61065292
18320,125.3943168
18321,164.2555627
18322,204.1023198
18323,229.9856389
18324,234.2929647
18325,222.163134
18326,207.1759781
18327,200.8689159
18328,204.9843318
18329,212.5582256
18330,215.7776369
18331,212.755221
18332,207.2603001
18333,202.7595907
18334,197.5189323
18335,185.8847878
18336,164.2274466
18337,135.2803962
18338,106.4706107
18339,84.16404909
18340,69.88875592
18341,62.25489374
18342,61.96009084
18343,73.66365295
18344,101.6293853
18345,142.9048153
18346,185.3386161
18347,213.9092805
18348,220.9605466
18349,211.6388007
18350,199.5649433
18351,196.3078095
18352,203.599697
18353,214.4296765
18354,220.933594
18355,221.1967372
18356,218.9839199
18357,217.7557962
18358,215.7505784
18359,207.2710121
18360,207.2063763
18361,178.3042396
18362,149.4303006
18363,127.690049
18364,114.7739835
18365,109.1074926
18366,111.4540136
18367,127.0128139
18368,160.5417223
18369,208.7229176
18370,257.9447476
18371,291.3860618
18372,300.4722648
18373,290.9601501
18374,278.0926614
18375,274.8171197
18376,283.0735175
18377,295.0190333
18378,301.8585566
18379,301.4574147
18380,298.038628
18381,295.4862631
18382,291.8417063
18383,280.7441811
18384,258.108911
18385,227.0025051
18386,195.7663181
18387,171.5506595
18388,156.0715602
18389,147.7683903
18390,147.4274434
18391,160.287239
18392,191.1431329
18393,236.684876
18394,283.2701336
18395,314.0347098
18396,320.3905348
18397,308.1326797
18398,292.5761544
18399,286.7307342
18400,292.5571776
18401,302.196178
18402,306.8312513
18403,304.3293416
18404,298.9369099
18405,294.5586827
18406,289.2337372
18407,276.5813284
18408,252.5035762
18409,220.0787601
18410,187.6778368
18411,162.4750099
18412,146.1890332
18413,137.2488423
18414,136.4378495
18415,149.007061
18416,179.7618648
18417,225.3716577
18418,272.1353614
18419,303.117827
18420,309.6900378
18421,297.6585711
18422,282.3846858
18423,276.9159822
18424,283.2107566
18425,293.3715825
18426,298.5407248
18427,296.5687679
18428,291.7096488
18429,287.8748892
18430,283.089548
18431,270.9433883
18432,190.0463829
18433,157.9191335
18434,125.8242908
18435,101.5991475
18436,87.10794999
18437,80.61355566
18438,82.95765639
18439,99.87429467
18440,136.6103173
18441,189.5056714
18442,243.5476515
18443,280.1847693
18444,289.9612973
18445,279.227174
18446,264.7934639
18447,260.9386561
18448,269.801701
18449,282.7332339
18450,290.0342424
18451,289.3509886
18452,285.3406418
18453,282.2863389
18454,278.0282997
18455,265.5527084
18456,240.3558027
18457,205.8195114
18458,171.1416567
18459,144.206276
18460,126.9051368
18461,117.5171131
18462,116.9088154
18463,130.8556083
18464,164.6439258
18465,214.6233173
18466,265.7523795
18467,299.4384996
18468,306.2143185
18469,292.4698017
18470,275.0897229
18471,268.4165497
18472,274.6113931
18473,285.0096599
18474,289.8920749
18475,286.9074776
18476,280.7372833
18477,275.6859383
18478,269.5918446
18479,255.4215535
18480,228.6583818
18481,192.695963
18482,156.7616132
18483,128.76302
18484,110.5943033
18485,100.5234148
18486,99.41348872
18487,113.0516866
18488,146.7337013
18489,196.7878841
18490,248.1131854
18491,282.0450919
18492,289.0743175
18493,275.6013357
18494,258.5561636
18495,252.3180935
18496,259.0447899
18497,270.0325814
18498,275.5200208
18499,273.1387117
18500,267.5767225
18501,263.1445305
18502,257.6658205
18503,244.0770213
18504,261.3545004
18505,222.7288801
18506,184.1090652
18507,154.1584017
18508,134.9494514
18509,124.5810441
18510,123.9972472
18511,139.5395845
18512,177.0112498
18513,232.3876044
18514,289.1183329
18515,326.7488802
18516,334.8596307
18517,320.4677416
18518,302.1296992
18519,295.6057452
18520,303.2616547
18521,315.5601799
18522,321.8051132
18523,319.4021768
18524,313.4896286
18525,308.791283
18526,302.9219292
18527,288.140508
18528,259.4736692
18529,220.6453272
18530,181.7930913
18531,151.6036647
18532,132.1525845
18533,121.5292393
18534,120.6765059
18535,135.9507402
18536,173.1681303
18537,228.2872284
18538,284.7030727
18539,321.8947812
18540,329.4069256
18541,314.2737975
18542,295.1042441
18543,287.7029212
18544,294.4402074
18545,305.7482779
18546,310.8977015
18547,307.2863589
18548,300.0690034
18549,293.9857737
18550,286.6474909
18551,270.2941833
18552,239.943177
18553,199.3365378
18554,158.6506081
18555,126.6076837
18556,105.3001802
18557,92.82352561
18558,90.13634308
18559,103.6280666
18560,139.1472602
18561,192.6559843
18562,247.5156649
18563,283.1606023
18564,289.121283
18565,272.470808
18566,251.891725
18567,243.2538212
18568,248.9518797
18569,259.4060938
18570,263.8709093
18571,259.7516934
18572,252.2329824
18573,246.0822361
18574,238.9147806
18575,222.9574721
18576,269.1958335
18577,225.1796048
18578,181.079443
18579,146.3475244
18580,123.2507397
18581,109.7245177
18582,106.8070522
18583,121.4212336
18584,159.9033211
18585,217.8765633
18586,277.3114531
18587,315.9248897
18588,322.3746111
18589,304.3259914
18590,282.0218983
18591,272.6561701
18592,278.8225143
18593,290.1414917
18594,294.9715904
18595,290.5023642
18596,282.350818
18597,275.6816895
18598,267.91166
18599,250.620609
18600,218.4047454
18601,175.3377602
18602,132.4812964
18603,99.31418813
18604,78.10958601
18605,66.79590409
18606,66.40971299
18607,83.88464457
18608,125.5637763
18609,187.0478045
18610,250.247969
18611,292.8089475
18612,303.3416025
18613,289.5101711
18614,271.5860728
18615,266.7822503
18616,277.6732198
18617,293.8263647
18618,303.542678
18619,303.975496
18620,300.7261014
18621,298.9419356
18622,296.0027391
18623,283.4368794
18624,255.7969876
18625,217.1375955
18626,178.5195975
18627,149.4182101
18628,132.0862225
18629,124.4223632
18630,127.4431188
18631,148.0788314
18632,192.6699715
18633,256.7899958
18634,322.2910271
18635,366.7505171
18636,378.7422976
18637,365.9441015
18638,348.6752139
18639,344.1915208
18640,355.0765088
18641,370.8766257
18642,379.8714027
18643,379.2174612
18644,374.5429731
18645,371.0234131
18646,366.0492132
18647,351.1467226
18648,341.6981119
18649,297.1253949
18650,252.3725196
18651,217.6295769
18652,195.3403252
18653,183.2788624
18654,182.5638743
18655,200.6573532
18656,244.3882535
18657,309.0363909
18658,375.1638622
18659,418.747557
18660,427.5582838
18661,409.855925
18662,387.4573424
18663,378.8915178
18664,386.9484751
18665,400.433678
18666,406.7921
18667,402.9877563
18668,395.0683715
18669,388.593807
18670,380.7722136
18671,362.5205361
18672,328.0073071
18673,281.6168129
18674,235.2654986
18675,199.1639249
18676,175.756457
18677,162.8052618
18678,161.4234144
18679,179.0807702
18680,222.6114986
18681,287.2726816
18682,353.5685323
18683,397.4067434
18684,406.5160095
18685,389.1616306
18686,367.1973972
18687,359.1815959
18688,367.8970568
18689,382.1098065
18690,389.2227229
18691,386.1805547
18692,379.0336692
18693,373.3442514
18694,366.3042023
18695,348.8005136
18696,314.9803447
18697,269.2314346
18698,223.4922489
18699,187.9923967
18700,165.1781789
18701,152.8037344
18702,151.9828048
18703,170.201533
18704,214.3096293
18705,279.5534078
18706,346.3925276
18707,390.6798965
18708,400.1173027
18709,382.9911789
18710,361.2081864
18711,353.371811
18712,362.273274
18713,376.6541952
18714,383.8896062
18715,380.918252
18716,373.8052416
18717,368.1258644
18718,361.0651136
18719,343.4878365
18720,346.0636739
18721,297.4615998
18722,248.8698116
18723,211.1836081
18724,187.0082699
18725,173.9515692
18726,173.1995011
18727,192.7249599
18728,239.8228228
18729,309.429742
18730,380.7342403
18731,428.0190272
18732,438.1866988
18733,420.0630615
18734,396.9793391
18735,388.7483233
18736,398.3423787
18737,413.7711539
18738,421.5891906
18739,418.5364599
18740,411.0722987
18741,405.1342524
18742,397.7244316
18743,379.1143813
18744,343.055211
18745,294.2284601
18746,245.3746088
18747,207.4091838
18748,182.9390298
18749,169.562068
18750,168.4618128
18751,187.62313
18752,234.3511297
18753,303.5655964
18754,374.4038229
18755,421.0867117
18756,430.4828257
18757,411.4321189
18758,387.3120917
18759,377.9747781
18760,386.3958566
18761,400.5566019
18762,406.9810691
18763,402.4021134
18764,393.2944056
18765,385.6110476
18766,376.3516801
18767,355.7722248
18768,317.6173028
18769,266.5873476
18770,215.4608584
18771,175.1889607
18772,148.3975275
18773,132.6940715
18774,129.2808956
18775,146.177747
18776,190.7243015
18777,257.8489801
18778,326.6642458
18779,371.3561876
18780,378.7865978
18781,357.8367704
18782,331.9572494
18783,321.0652922
18784,328.164718
18785,341.2317349
18786,346.78134
18787,341.5584703
18788,332.0697644
18789,324.2976351
18790,315.2498369
18791,295.1738194
18792,293.7406206
18793,241.0107501
18794,188.5411243
18795,147.9763508
18796,122.1082083
18797,108.3910103
18798,108.0973784
18799,129.74374
18800,181.1204419
18801,256.8218809
18802,334.6278323
18803,387.0791943
18804,400.1884671
18805,383.3715262
18806,361.5279745
18807,355.7990555
18808,369.3457838
18809,389.3541716
18810,401.4559337
18811,402.1555165
18812,398.3324102
18813,396.3082274
18814,392.8650848
18815,377.5998
18816,343.8237534
18817,296.5168275
18818,249.2619073
18819,213.6937463
18820,192.5778376
18821,183.333248
18822,187.2073662
18823,212.7086374
18824,267.6206059
18825,346.5067659
18826,427.084675
18827,481.8254935
18828,496.7027858
18829,481.1446393
18830,460.0978679
18831,454.7466332
18832,468.2615223
18833,487.808829
18834,499.0006236
18835,498.3470332
18836,492.7573837
18837,488.5847871
18838,482.6260002
18839,464.4802126
18840,427.4709134
18841,376.6157962
18842,325.5547221
18843,285.9767738
18844,260.6847183
18845,247.1247341
18846,246.579571
18847,267.6079797
18848,318.0421698
18849,392.466897
18850,468.5859179
18851,518.8449191
18852,529.2182847
18853,509.1812516
18854,483.757707
18855,474.1993179
18856,483.7054078
18857,499.4362049
18858,506.9922456
18859,502.8919305
18860,494.0715792
18861,486.9076623
18862,478.1983256
18863,457.5270086
18864,409.2595738
18865,353.385514
18866,297.5626179
18867,254.1659424
18868,226.1573325
18869,210.8238588
18870,209.513828
18871,231.2792713
18872,284.4012268
18873,363.1303153
18874,443.8393782
18875,497.3326907
18876,508.741227
18877,488.0828558
18878,461.8407743
18879,452.5030875
18880,463.4409349
18881,481.0410697
18882,490.0394685
18883,486.734633
18884,478.4580315
18885,471.9491447
18886,463.8055847
18887,442.9863113
18888,402.4009087
18889,347.3662682
18890,292.3467424
18891,249.7354343
18892,222.495331
18893,207.9048816
18894,207.3126538
18895,229.7867341
18896,283.6236264
18897,363.0632453
18898,444.4340579
18899,498.4858287
18900,510.3229721
18901,489.9848858
18902,464.0080601
18903,454.9262246
18904,466.1193168
18905,483.9500504
18906,493.1268635
18907,489.9424857
18908,481.7432665
18909,475.2818261
18910,467.1487883
18911,446.2807665
18912,405.5718588
18913,350.3465475
18914,295.0935997
18915,252.2258586
18916,224.7073095
18917,209.8059153
18918,208.8670679
18919,230.9700822
18920,284.4209177
18921,363.4418244
18922,444.3092395
18923,497.7103357
18924,508.7147417
18925,487.3753023
18926,460.2741543
18927,449.98373
18928,459.8868492
18929,476.3175469
18930,483.9536141
18931,479.0806632
18932,469.0605506
18933,460.6618129
18934,450.4731614
18935,427.4163494
18936,492.381255
18937,435.2228776
18938,378.0318675
18939,333.553816
18940,304.8320844
18941,289.0613231
18942,287.6229088
18943,309.8393793
18944,364.2391173
18945,444.8893775
18946,527.4308645
18947,581.7654901
18948,592.5631334
18949,570.1461836
18950,541.8089324
18951,530.728359
18952,540.3777729
18953,556.7251699
18954,564.0380747
18955,558.5027269
18956,547.6781499
18957,538.5141033
18958,527.5079957
18959,503.2851142
18960,458.5438284
18961,398.7718614
18962,338.8862418
18963,291.6701438
18964,260.1881964
18965,241.6471252
18966,237.4498113
18967,256.9566041
18968,308.733577
18969,386.8599175
18970,466.9549406
18971,518.8893006
18972,527.3297453
18973,502.6436924
18974,472.2021796
18975,459.2510877
18976,467.2954831
18977,482.3018104
18978,488.5319105
18979,482.1873004
18980,470.861949
18981,461.5376499
18982,450.7223585
18983,427.0349991
18984,383.1726971
18985,324.643075
18986,266.3977675
18987,221.247584
18988,192.2635809
18989,176.6448032
18990,175.7909933
18991,199.0708697
18992,255.0540949
18993,337.7932288
18994,422.843429
18995,479.9974218
18996,493.8686062
18997,474.8160649
18998,450.2315171
18999,443.3714622
19000,457.7127397
19001,479.1591023
19002,491.904979
19003,492.1054318
19004,487.3282343
19005,484.5272632
19006,480.1628562
19007,462.7917834
19008,425.0570777
19009,372.4369062
19010,319.872167
19011,280.1604599
19012,256.3433681
19013,245.5816978
19014,249.2471884
19015,276.6980517
19016,336.4948913
19017,422.6573939
19018,510.6768326
19019,570.2748451
19020,586.0248712
19021,568.2975166
19022,544.5313607
19023,538.0258104
19024,552.2676035
19025,573.141432
19026,584.8230611
19027,583.4745255
19028,576.6950234
19029,571.4717992
19030,564.2819587
19031,543.6870104
19032,502.3446756
19033,445.7736999
19034,388.9748863
19035,344.8032244
19036,316.3407347
19037,300.7785714
19038,299.5271146
19039,321.998174
19040,376.8042933
19041,457.9896511
19042,541.0348754
19043,595.6391863
19044,606.3797743
19045,583.6771768
19046,555.0496596
19047,543.8665588
19048,553.6455674
19049,570.2673114
19050,577.8977903
19051,572.7088411
19052,562.3279384
19053,553.7667192
19054,543.5044619
19055,520.0874611
19056,312.0383909
19057,252.7824258
19058,193.4977573
19059,147.2627397
19060,117.2001254
19061,100.4312665
19062,98.37353833
19063,120.5927154
19064,175.839617
19065,258.0265157
19066,342.1583957
19067,397.3519208
19068,407.8772319
19069,384.3262745
19070,354.7055066
19071,342.7964648
19072,352.1629593
19073,368.4069567
19074,375.3857253
19075,369.1861413
19076,357.5644045
19077,347.6515062
19078,335.8535609
19079,310.4993972
19080,264.0971779
19081,202.27779
19082,140.3471058
19083,91.42141924
19084,58.6451528
19085,39.15218149
19086,34.38187434
19087,53.93834613
19088,106.6106705
19089,186.3236477
19090,268.0614935
19091,320.9102564
19092,329.1376031
19093,303.3811739
19094,271.7248415
19095,258.0197083
19096,265.8619944
19097,280.8527498
19098,286.8441678
19099,279.9389787
19100,267.9288644
19101,257.9773406
19102,246.5015064
19103,221.8242068
19104,176.4526744
19105,116.0379409
19106,55.92065546
19107,9.244840263
19108,-20.83864251
19109,-37.20366999
19110,-38.41416795
19111,-14.8578948
19112,42.25748491
19113,126.8297312
19114,213.7784076
19115,272.1110586
19116,286.0413504
19117,266.1978634
19118,240.6843599
19119,233.3617077
19120,247.7969912
19121,269.5276123
19122,282.3373558
19123,282.2814683
19124,277.1243842
19125,274.0006351
19126,269.2786297
19127,251.2179897
19128,212.2707988
19129,158.0575983
19130,103.9072973
19131,62.94974394
19132,38.30541078
19133,27.06132167
19134,30.62475087
19135,58.59670649
19136,119.7598144
19137,207.9783933
19138,298.1076401
19139,359.0836194
19140,375.0797401
19141,356.7359033
19142,332.2026254
19143,325.383673
19144,339.8561165
19145,361.1384793
19146,372.9961571
19147,371.4917323
19148,364.4215124
19149,358.953925
19150,351.4747492
19151,330.2490151
19152,287.7442267
19153,229.6222886
19154,171.2728457
19155,125.8840049
19156,96.61757416
19157,80.59184442
19158,79.25366164
19159,102.2585667
19160,158.4420561
19161,241.6938572
19162,326.8594178
19163,382.8532525
19164,393.8533523
19165,370.5503394
19166,341.1751574
19167,329.7021889
19168,339.7400877
19169,356.8038767
19170,364.6496853
19171,359.3503293
19172,348.7307534
19173,339.9840672
19174,329.4984408
19175,305.5238378
19176,260.5175331
19177,200.1523414
19178,139.8437982
19179,92.79948281
19180,62.18029433
19181,45.09059748
19182,42.96919668
19183,65.47667549
19184,121.4505841
19185,204.754466
19186,290.1721976
19187,346.5452247
19188,358.0054221
19189,335.2447469
19190,306.5269613
19191,295.8516625
19192,306.8162866
19193,324.8925054
19194,333.7905881
19195,329.5605035
19196,320.0264747
19197,312.3808125
19198,302.9925797
19199,280.0792097
19200,236.0743194
19201,176.6521906
19202,117.2486944
19203,71.08907074
19204,41.33505586
19205,25.08216495
19206,23.76930735
19207,47.07303311
19208,103.8463289
19209,187.9420564
19210,274.0997863
19211,331.1065594
19212,343.0678241
19213,320.697219
19214,292.3119614
19215,281.9574371
19216,293.2400365
19217,311.6075327
19218,320.7427751
19219,316.6900492
19220,307.2885128
19221,299.7436294
19222,290.4174428
19223,267.5049614
19224,223.4241898
19225,163.8568244
19226,104.2629268
19227,57.88720635
19228,27.89208375
19229,11.36223542
19230,9.733009223
19231,32.69177109
19232,89.1005319
19233,172.7940463
19234,258.4594113
19235,314.8206399
19236,325.9479772
19237,302.5681198
19238,273.0435821
19239,261.4581526
19240,271.4208647
19241,288.3506439
19242,295.8996031
19243,290.1049102
19244,278.8213263
19245,269.2704315
19246,257.8126664
19247,232.6286038
19248,186.1312761
19249,124.0231254
19250,61.80441895
19251,12.75798392
19252,-19.93188731
19253,-39.16777187
19254,-43.49208342
19255,-23.17885138
19256,30.67247133
19257,111.9094646
19258,195.1987681
19259,249.2341004
19260,258.0835612
19261,232.5198755
19262,200.9833066
19263,187.6275415
19264,196.0943503
19265,211.8020592
19266,218.3980114
19267,211.935517
19268,200.3050884
19269,190.7610755
19270,179.6751231
19271,155.22201
19272,109.8139965
19273,49.17379205
19274,-11.16347295
19275,-57.88719611
19276,-87.80663863
19277,-103.8321648
19278,-104.5095606
19279,-80.10484891
19280,-21.71438394
19281,64.4821686
19282,153.0865489
19283,212.7136851
19284,227.3773509
19285,207.84085
19286,182.5639402
19287,175.7096479
19288,190.8901542
19289,213.4596603
19290,226.9966032
19291,227.5062963
19292,222.8514789
19293,220.2569848
19294,216.0452328
19295,198.3272451
19296,159.4596058
19297,105.1340179
19298,50.87337088
19299,9.973612321
19300,-14.40536567
19301,-25.21345531
19302,-21.02563978
19303,7.880462463
19304,70.39846376
19305,160.3149742
19306,252.1671279
19307,314.4981785
19308,331.281495
19309,313.2916018
19310,289.0349597
19311,282.7174909
19312,297.9614077
19313,320.1021255
19314,332.6998311
19315,331.767357
19316,325.1995413
19317,320.2553795
19318,313.2749638
19319,292.3750615
19320,249.9280443
19321,191.6673732
19322,133.1770905
19323,87.81183844
19324,58.77329571
19325,43.14329846
19326,42.38690266
19327,66.28149195
19328,123.7740162
19329,208.6769546
19330,295.5181422
19331,352.8197183
19332,364.5600519
19333,341.564785
19334,312.421178
19335,301.4061145
19336,312.1737067
19337,330.056154
19338,338.6046289
19339,333.842415
19340,323.6931702
19341,315.4407188
19342,305.4276555
19343,281.7557569
19344,236.787207
19345,176.2663841
19346,115.8031967
19347,68.77170363
19348,38.37259049
19349,21.67365625
19350,20.13178024
19351,43.529232
19352,100.8148395
19353,185.7747064
19354,272.8748914
19355,330.56425
19356,342.7748126
19357,320.3333295
19358,291.8596512
19359,281.6556491
19360,293.3639941
19361,312.2733174
19362,321.888722
19363,318.2104458
19364,309.1612386
19365,302.0239527
19366,293.1219169
19367,270.5242346
19368,226.5693052
19369,167.0028642
19370,107.4550623
19371,61.31754233
19372,31.79176626
19373,15.93663831
19374,15.20911195
19375,39.40740579
19376,97.49577893
19377,183.2496584
19378,271.0908116
19379,329.4137105
19380,342.1239863
19381,320.0701019
19382,291.925396
19383,282.0375618
19384,294.0582563
19385,313.2522409
19386,323.0972232
19387,319.5877764
19388,310.6615961
19389,303.614691
19390,294.7633649
19391,272.154282
19392,228.1102044
19393,168.3842481
19394,108.63071
19395,62.2606492
19396,32.47615026
19397,16.32520898
19398,15.26114114
19399,39.09289968
19400,96.79368258
19401,182.1207223
19402,269.4432248
19403,327.0925482
19404,338.9390378
19405,315.8441378
19406,286.5264152
19407,275.3719069
19408,286.0348664
19409,303.7511747
19410,311.9677863
19411,306.6721578
19412,295.8176087
19413,286.7163053
19414,275.683012
19415,250.7500428
19416,204.2352977
19417,141.9127716
19418,79.47712485
19419,30.37771569
19420,-2.161295271
19421,-21.07893899
19422,-24.89941339
19423,-3.774893485
19424,51.30664
19425,134.1155455
19426,219.0008853
19427,274.2640472
19428,283.7735636
19429,258.4372429
19430,227.0517391
19431,214.0733229
19432,223.1893144
19433,239.6353161
19434,246.8538206
19435,240.8487186
19436,229.6093525
19437,220.4809074
19438,209.7895741
19439,185.562066
19440,140.1156714
19441,79.24477911
19442,18.67900145
19443,-28.1044778
19444,-57.87504188
19445,-73.57954083
19446,-73.74561921
19447,-48.51756278
19448,11.11958649
19449,98.90873902
19450,189.133814
19451,250.017125
19452,265.3725559
19453,246.0981358
19454,221.009621
19455,214.572199
19456,230.4431506
19457,253.793479
19458,267.9962767
19459,269.0069269
19460,264.7864775
19461,262.6500677
19462,258.8741303
19463,241.4210913
19464,202.5520393
19465,148.0298431
19466,93.57137663
19467,52.63869091
19468,28.43110216
19469,17.96180655
19470,22.67356808
19471,52.41014642
19472,116.1761453
19473,207.6804711
19474,301.1422003
19475,364.7117809
19476,382.1625472
19477,364.4036526
19478,340.2975077
19479,334.3521961
19480,350.2350781
19481,373.0984666
19482,386.2973458
19483,385.7948046
19484,379.584218
19485,375.0151559
19486,368.3820302
19487,347.6533521
19488,305.1063677
19489,246.5461013
19490,187.7509998
19491,142.2422482
19492,113.2614029
19493,97.8538527
19494,97.50287123
19495,122.1076925
19496,180.7267276
19497,267.0952154
19498,355.4233862
19499,413.8410121
19500,426.1268483
19501,403.2415652
19502,374.1287482
19503,363.3677909
19504,374.6582722
19505,393.149577
19506,402.1879298
19507,397.747091
19508,387.8494409
19509,379.8695281
19510,370.1043808
19511,346.5075985
19512,301.3462835
19513,240.4363879
19514,179.5822026
19515,132.3242763
19516,101.9030909
19517,85.34988991
19518,84.13963782
19519,108.1763005
19520,166.5199944
19521,252.8793936
19522,341.4027501
19523,400.1463399
19524,412.8423597
19525,390.4523642
19526,361.9523036
19527,351.9463343
19528,364.1223736
19529,383.5860232
19530,393.637232
19531,390.2265185
19532,381.3751707
19533,374.4565946
19534,365.7483966
19535,343.1713626
19536,298.9686864
19537,238.9575696
19538,178.9624546
19539,132.5414
19540,102.9356058
19541,87.16737796
19542,86.71172687
19543,111.4885526
19544,170.5733995
19545,257.6642732
19546,346.8651508
19547,406.1779488
19548,419.3084944
19549,397.2400883
19550,369.0022043
19551,359.2448562
19552,371.6649818
19553,391.3443443
19554,401.5555235
19555,398.2433941
19556,389.4442039
19557,382.5445205
19558,373.8149225
19559,351.1537439
19560,306.7885188
19561,246.5437971
19562,186.2681259
19563,139.5389287
19564,109.5979685
19565,93.45657545
19566,92.58604816
19567,116.9169416
19568,175.533656
19569,262.1159167
19570,350.715054
19571,409.2697862
19572,421.4505746
19573,398.2536262
19574,368.7535763
19575,357.6387261
19576,368.6085645
19577,386.715944
19578,395.2026766
19579,390.0065235
19580,379.1793787
19581,370.1240108
19582,359.1095239
19583,334.01999
19584,336.2228283
19585,279.9360676
19586,223.7104002
19587,181.3401362
19588,156.1034915
19589,144.9398907
19590,149.327644
19591,179.3533187
19592,244.2435531
19593,337.5518976
19594,432.8613652
19595,497.5368437
19596,514.95165
19597,496.2842463
19598,471.1089946
19599,464.5383523
19600,480.330027
19601,503.2701784
19602,516.3034362
19603,515.293453
19604,508.4307293
19605,503.2460344
19606,495.9424703
19607,474.1920873
19608,430.0819313
19609,369.5602036
19610,308.7942112
19611,261.6382748
19612,231.4137572
19613,215.0932029
19614,214.1963713
19615,238.8662473
19616,298.3842147
19617,386.331082
19618,476.2819201
19619,535.5818167
19620,547.6103493
19621,523.5982945
19622,493.2019382
19623,481.6057427
19624,492.6002706
19625,510.969327
19626,519.6492897
19627,514.514922
19628,503.7860981
19629,495.0188639
19630,484.419164
19631,459.6442922
19632,412.7712367
19633,349.7591449
19634,286.8011215
19635,237.7707432
19636,205.9881329
19637,188.411471
19638,186.5519404
19639,210.5569477
19640,269.7092335
19641,357.5626612
19642,447.6299162
19643,507.182163
19644,519.5519784
19645,495.9705727
19646,466.1261423
19647,455.2274609
19648,467.0529848
19649,486.3423039
19650,495.9851045
19651,491.8325127
19652,482.1029395
19653,474.3509435
19654,464.7627327
19655,440.9625033
19656,395.0030836
19657,332.8446524
19658,270.7002811
19659,222.4609043
19660,191.4472434
19661,174.6084523
19662,173.4556998
19663,198.152293
19664,257.9963915
19665,346.5312014
19666,437.2251635
19667,497.2951268
19668,510.0473544
19669,486.7348654
19670,457.099447
19671,446.3957976
19672,458.4114587
19673,477.8622401
19674,487.6105084
19675,483.5017835
19676,473.7694593
19677,465.9812634
19678,456.3163655
19679,432.3764804
19680,386.198728
19681,323.7505668
19682,261.2690848
19683,212.6644754
19684,181.2578989
19685,163.9873943
19686,162.3602658
19687,186.5503125
19688,245.8643784
19689,333.8272146
19690,423.8544387
19691,483.0995291
19692,494.833217
19693,470.3212743
19694,439.350511
19695,427.2137946
19696,437.7011236
19697,455.4993305
19698,463.4399802
19699,457.3614801
19700,445.5129104
19701,435.4782811
19702,423.4354124
19703,396.9719281
19704,348.1204155
19705,282.8696133
19706,217.4974457
19707,165.9529496
19708,131.5799752
19709,111.3302149
19710,106.734203
19711,128.0054127
19712,184.4903646
19713,269.7278375
19714,357.1142463
19715,413.7740721
19716,422.9772282
19717,396.0368596
19718,362.8188756
19719,348.6873835
19720,357.4664373
19721,373.8435524
19722,380.6467547
19723,373.7317597
19724,361.3844851
19725,351.2227051
19726,339.4363322
19727,313.6079675
19728,265.7700677
19729,201.9321422
19730,138.4073333
19731,89.17265231
19732,57.57843311
19733,40.56845167
19734,39.66957063
19735,65.10279878
19736,126.2171135
19737,216.5232365
19738,309.3517063
19739,371.7470758
19740,386.923641
19741,366.1836901
19742,339.4110562
19743,331.9774926
19744,347.6756609
19745,371.1270517
19746,385.0888054
19747,385.3665966
19748,380.216479
19749,377.2245899
19750,372.5294842
19751,353.647881
19752,312.5544617
19753,255.2256734
19754,197.9604233
19755,154.7191529
19756,128.8195304
19757,117.1640966
19758,121.2489365
19759,151.2820233
19760,216.6010139
19761,310.6817823
19762,406.7893109
19763,471.8957087
19764,489.1742847
19765,469.9381565
19766,444.1176622
19767,437.1274471
19768,452.7703925
19769,475.6495817
19770,488.5044673
19771,487.1489839
19772,479.8721942
19773,474.295467
19774,466.576249
19775,444.2383589
19776,399.2737422
19777,337.7021874
19778,275.8854306
19779,227.844359
19780,196.9402373
19781,180.1091863
19782,178.8892064
19783,203.5451563
19784,263.4699041
19785,352.1670409
19786,442.8940557
19787,502.6036915
19788,514.4759343
19789,489.8766113
19790,458.8183555
19791,446.7881608
19792,457.6220782
19793,475.9211198
19794,484.4167365
19795,478.9341894
19796,467.792096
19797,458.637247
19798,447.630041
19799,422.2796149
19800,374.5678954
19801,310.5256233
19802,246.5403055
19803,196.6520279
19804,164.2207288
19805,146.1680524
19806,144.0232855
19807,168.0555497
19808,227.6588923
19809,316.3097656
19810,407.2030661
19811,467.2173966
19812,479.485518
19813,455.3734623
19814,424.9255426
19815,413.6528348
19816,425.3790583
19817,444.6607901
19818,454.1825787
19819,449.7458469
19820,439.6675599
19821,431.5928456
19822,421.6622053
19823,397.3515329
19824,350.6184661
19825,287.4946649
19826,224.3875069
19827,175.3543569
19828,143.7556885
19829,126.5040716
19830,125.1287456
19831,149.9147126
19832,210.271431
19833,299.6646985
19834,391.2451785
19835,451.8371774
19836,464.5471669
19837,440.763016
19838,410.5826589
19839,399.5631271
19840,411.537254
19841,431.0378627
19842,440.7222033
19843,436.3861083
19844,426.3615344
19845,418.3067788
19846,408.3552962
19847,383.9604813
19848,337.064236
19849,273.7054624
19850,210.3155081
19851,160.9709401
19852,129.0326063
19853,111.4018886
19854,109.6040829
19855,133.9345983
19856,193.8114896
19857,282.6820085
19858,373.6439046
19859,433.458024
19860,445.1952211
19861,420.2560378
19862,388.7833589
19863,376.3723229
19864,386.8581703
19865,404.744711
19866,412.6583733
19867,406.3878751
19868,394.2808764
19869,384.0119947
19870,371.7133952
19871,344.8244642
19872,295.2826771
19873,229.1483466
19874,162.8938104
19875,110.6346568
19876,75.75462465
19877,55.16897271
19878,50.42647102
19879,71.86246688
19880,128.9349728
19881,215.1055657
19882,303.4531025
19883,360.7097528
19884,369.9458813
19885,342.6097357
19886,308.9236344
19887,294.5542873
19888,303.3713166
19889,319.8795321
19890,326.7021276
19891,319.6454167
19892,307.0941653
19893,296.757
19894,284.7783969
19895,258.5929089
19896,210.138038
19897,145.4949897
19898,81.17140511
19899,31.31089343
19900,-0.696317003
19901,-17.94291969
19902,-18.8838945
19903,6.823520475
19904,68.63963056
19905,159.9977492
19906,253.9106094
19907,317.0301646
19908,332.3708363
19909,311.3696528
19910,284.2664605
19911,276.7351885
19912,292.6136123
19913,316.3400389
19914,330.4662781
19915,330.7480883
19916,325.5398454
19917,322.5180058
19918,317.7751514
19919,298.6794188
19920,257.1100065
19921,199.1145403
19922,141.1859246
19923,97.45071674
19924,71.26602137
19925,59.49747982
19926,63.65893618
19927,94.07975361
19928,160.2085918
19929,255.4436327
19930,352.7318122
19931,418.6524446
19932,436.1788153
19933,416.7586813
19934,390.6783412
19935,383.654612
19936,399.5355332
19937,422.7410956
19938,435.8055589
19939,434.4931237
19940,427.191399
19941,421.6123375
19942,413.8677143
19943,391.3331011
19944,345.9053266
19945,283.675751
19946,221.2005233
19947,172.6670816
19948,141.4765764
19949,124.5286889
19950,123.3796447
19951,148.4161604
19952,209.1425726
19953,298.9852389
19954,390.8840506
19955,451.3993903
19956,463.5116366
19957,438.7216513
19958,407.3983987
19959,395.3313885
19960,406.4021445
19961,425.0288696
19962,433.7380722
19963,428.3054955
19964,417.1484843
19965,408.0045584
19966,396.9885548
19967,371.4614376
19968,323.3100564
19969,258.6367295
19970,194.0233503
19971,143.6764985
19972,110.9959121
19973,92.86668324
19974,90.83618712
19975,115.2952447
19976,175.7491944
19977,265.5970619
19978,357.7159393
19979,418.591852
19980,431.1577297
19981,406.9144105
19982,376.2623088
19983,365.0147873
19984,377.040813
19985,396.7139348
19986,406.5135477
19987,402.1913563
19988,392.1628645
19989,384.1637543
19990,374.2888049
19991,349.8655928
19992,302.75655
19993,239.0648023
19994,175.3920186
19995,125.9619788
19996,94.17489382
19997,76.90673411
19998,75.70479483
19999,100.9757583
20000,162.2403666
20001,252.8869942
20002,345.7485124
20003,407.25667
20004,420.3181325
20005,396.4556042
20006,366.1231517
20007,355.1801246
20008,367.5046338
20009,387.4465011
20010,397.4578457
20011,393.2847979
20012,383.3578627
20013,375.4258928
20014,365.5766134
20015,341.1150846
20016,293.8879764
20017,230.0056199
20018,166.0936082
20019,116.3948676
20020,84.30991975
20021,66.70347541
20022,65.11880783
20023,89.97292267
20024,150.7950709
20025,240.9549916
20026,333.2325521
20027,393.9959528
20028,406.1161573
20029,381.1284638
20030,349.5318187
20031,337.2236175
20032,348.0843292
20033,366.4347277
20034,374.6960916
20035,368.6074354
20036,356.6149859
20037,346.483955
20038,334.3008393
20039,307.3567748
20040,257.494112
20041,190.8447242
20042,124.0753498
20043,71.46811575
20044,36.44663646
20045,15.88972435
20046,11.36437241
20047,33.3277895
20048,91.34946743
20049,178.8137684
20050,268.4819792
20051,326.6939454
20052,336.3204705
20053,308.9448929
20054,275.1459277
20055,260.8928752
20056,270.1009138
20057,287.0921357
20058,294.2848902
20059,287.4360775
20060,275.0292995
20061,264.8640238
20062,253.0392781
20063,226.8415555
20064,178.1133917
20065,113.0076767
20066,48.226539
20067,-1.919825615
20068,-34.00130575
20069,-51.14707562
20070,-51.79396882
20071,-25.47748143
20072,37.37400878
20073,130.116396
20074,225.4445967
20075,289.6179545
20076,305.4510049
20077,284.5155062
20078,257.4073072
20079,250.1025022
20080,266.4839703
20081,290.8068245
20082,305.4175335
20083,306.0219295
20084,301.0727001
20085,298.3366108
20086,293.8602607
20087,274.8631936
20088,365.020195
20089,299.4453671
20090,233.9311047
20091,183.0169705
20092,150.1822988
20093,132.2390733
20094,130.770843
20095,156.4118242
20096,218.8899349
20097,311.4493444
20098,406.3315338
20099,469.2373715
20100,482.7001224
20101,458.490235
20102,427.7203249
20103,416.8083269
20104,429.7137021
20105,450.4439421
20106,461.0681346
20107,457.2385466
20108,447.5677596
20109,439.9725636
20110,430.456294
20111,406.0498925
20112,358.4253807
20113,293.8288164
20114,229.2504526
20115,179.2469
20116,147.297846
20117,130.2060641
20118,129.5549627
20119,155.9945864
20120,219.2682475
20121,312.6094761
20122,408.2155623
20123,471.7331425
20124,485.6692733
20125,461.8163328
20126,431.340656
20127,420.7062326
20128,433.8817325
20129,454.8509793
20130,465.6558345
20131,461.9430291
20132,452.3401698
20133,444.7772247
20134,435.2504656
20135,410.7682893
20136,362.9869068
20137,298.1595141
20138,233.3002007
20139,182.9846187
20140,150.6926428
20141,133.2156488
20142,132.1328715
20143,158.1045166
20144,220.8822353
20145,313.6807483
20146,408.6441667
20147,471.3554073
20148,484.2856601
20149,459.2397444
20150,427.4287381
20151,415.3545596
20152,426.9881441
20153,446.2842024
20154,455.2537227
20155,449.5363229
20156,437.7753726
20157,427.9172826
20158,415.9572225
20159,388.8898376
20160,338.3672393
20161,270.6644328
20162,202.8369687
20163,149.5000623
20164,114.1570905
20165,93.61398419
20166,89.47419401
20167,112.4386637
20168,172.2998555
20169,262.2877147
20170,354.5283995
20171,414.5771204
20172,424.9055713
20173,397.3672844
20174,363.2537816
20175,349.139557
20176,359.0309148
20177,376.8845254
20178,384.7090635
20179,378.1626156
20180,365.9264704
20181,355.9817912
20182,344.3367235
20183,317.9816553
20184,268.5692048
20185,202.3956455
20186,136.552096
20187,85.68194049
20188,53.29507183
20189,36.18936997
20190,35.96430966
20191,63.32789469
20192,128.0743972
20193,223.4048891
20194,321.3786702
20195,387.4698806
20196,404.0933012
20197,383.0901667
20198,355.7683477
20199,348.7082863
20200,365.883086
20201,391.1814888
20202,406.5392995
20203,407.5625151
20204,402.900465
20205,400.5005506
20206,396.3174236
20207,377.2734607
20208,334.961401
20209,275.6423956
20210,216.3913297
20211,171.8330986
20212,145.4431062
20213,133.9762862
20214,138.9997509
20215,171.2070248
20216,240.379768
20217,339.6830778
20218,441.1097436
20219,510.0606884
20220,528.9091199
20221,509.5067071
20222,483.2076239
20223,476.6351966
20224,493.7729338
20225,518.4915444
20226,532.7097047
20227,532.0424087
20228,525.1729013
20229,520.0848821
20230,512.7531093
20231,490.1084104
20232,443.7622613
20233,380.0207352
20234,316.0232186
20235,266.4568002
20236,234.8422872
20237,217.9700417
20238,217.4509644
20239,244.0373455
20240,307.5679275
20241,401.2373689
20242,497.0327687
20243,560.3374296
20244,573.5329099
20245,548.5251777
20246,516.7521938
20247,504.9110178
20248,517.0195951
20249,536.9477052
20250,546.6070326
20251,541.6247708
20252,530.7144519
20253,521.8857873
20254,511.1169351
20255,485.3243462
20256,436.109645
20257,369.7898889
20258,303.5301378
20259,252.0364589
20260,218.8279976
20261,200.6801971
20262,199.1947059
20263,225.1274515
20264,288.3176547
20265,381.9320699
20266,477.8943857
20267,541.5129053
20268,555.1210742
20269,530.6241595
20270,499.4908904
20271,488.4415009
20272,501.4807121
20273,522.4330005
20274,533.1623129
20275,529.2712106
20276,519.4708273
20277,511.7685198
20278,502.1219148
20279,477.4136497
20280,429.2205538
20281,363.8601641
20282,298.5170385
20283,247.9142165
20284,215.5711364
20285,198.2539861
20286,197.564244
20287,224.2736485
20288,288.23681
20289,382.6098495
20290,479.2722791
20291,543.4781923
20292,557.5348537
20293,533.3694914
20294,502.5045874
20295,491.7064642
20296,504.989084
20297,526.1532841
20298,537.03581
20299,533.2337057
20300,523.4731412
20301,515.7746554
20302,506.0888057
20303,481.27567
20304,432.8962427
20305,367.2751644
20306,301.6207855
20307,250.6751336
20308,217.9577725
20309,200.2234227
20310,199.0693124
20311,225.2772598
20312,288.7101286
20313,382.5051424
20314,478.4885469
20315,541.850629
20316,554.8627045
20317,529.4643654
20318,497.2227674
20319,484.9421026
20320,496.6385515
20321,516.0838055
20322,525.0837194
20323,519.2282251
20324,507.2592755
20325,497.2138927
20326,485.041595
20327,457.5887939
20328,406.4124934
20329,337.8592764
20330,269.1791112
20331,215.1537692
20332,179.3265202
20333,158.4668659
20334,154.1964975
20335,177.3382376
20336,237.7960454
20337,328.7226691
20338,421.9267141
20339,482.5710847
20340,492.9279315
20341,464.985895
20342,430.3929114
20343,416.0260834
20344,425.937289
20345,443.900499
20346,451.7195619
20347,445.0031683
20348,432.5314614
20349,422.3764632
20350,410.5008893
20351,383.7470859
20352,333.672723
20353,266.6457771
20354,199.9518722
20355,148.4009975
20356,115.5429474
20357,98.13913931
20358,97.80721275
20359,125.376932
20360,190.7539044
20361,287.0618014
20362,386.0421245
20363,452.7764226
20364,469.4796093
20365,448.1276678
20366,420.3844898
20367,413.1327011
20368,430.3905277
20369,455.863536
20370,471.2822087
20371,472.2026351
20372,467.3724753
20373,464.8294584
20374,460.4822719
20375,441.104719
20376,398.1940646
20377,338.0826477
20378,278.0393597
20379,232.855221
20380,206.0450813
20381,194.326984
20382,199.2858102
20383,231.7364837
20384,301.5716773
20385,401.8788057
20386,504.3326216
20387,573.9412635
20388,592.8779253
20389,573.1289254
20390,546.4044085
20391,539.6298827
20392,556.8340249
20393,581.7044623
20394,595.9546886
20395,595.1499744
20396,588.0721215
20397,582.795424
20398,575.2489795
20399,552.2153792
20400,505.210993
20401,440.6134773
20402,375.7566421
20403,325.4941384
20404,293.3866704
20405,276.188172
20406,275.5277804
20407,302.279655
20408,366.3940185
20409,460.9883078
20410,557.7320354
20411,621.6161555
20412,634.8226309
20413,609.3924761
20414,577.1199954
20415,565.0047758
20416,577.1102478
20417,597.1233938
20418,606.7509682
20419,601.5706586
20420,590.394737
20421,581.3236563
20422,570.2900252
20423,544.0621346
20424,494.1465442
20425,426.9319019
20426,359.7776666
20427,307.5564119
20428,273.8270961
20429,255.3286229
20430,253.6807424
20431,279.7610944
20432,343.5202039
20433,438.0474119
20434,534.9486155
20435,599.1395541
20436,612.753855
20437,587.8316048
20438,556.1976475
20439,544.8745173
20440,557.9121965
20441,578.9521468
20442,589.6531754
20443,585.5681388
20444,575.5067234
20445,567.5668534
20446,557.6604477
20447,532.5218397
20448,483.6326673
20449,417.3819469
20450,351.148542
20451,299.8219208
20452,266.9612732
20453,249.2962019
20454,248.4462551
20455,275.3048657
20456,339.8379418
20457,435.1241957
20458,532.7253615
20459,597.5029896
20460,611.5645529
20461,586.9721289
20462,555.6043467
20463,544.5298613
20464,557.8079271
20465,579.0563946
20466,589.9068929
20467,585.9067784
20468,575.8807845
20469,567.9400199
20470,557.9893273
20471,532.7404651
20472,483.6592099
20473,417.1416469
20474,350.5903864
20475,298.9138305
20476,265.6712313
20477,247.5806534
20478,246.2573173
20479,272.6046525
20480,336.5967342
20481,431.2932883
20482,528.2026933
20483,592.1226056
20484,605.1244651
20485,579.2826355
20486,546.520349
20487,533.94407
20488,545.6152228
20489,565.122478
20490,574.0665558
20491,567.9877
20492,555.7264458
20493,545.4104247
20494,532.9435019
20495,505.0238538
20496,453.1133749
20497,383.630224
20498,314.0187856
20499,259.2273849
20500,222.839183
20501,201.5872504
20502,197.1115167
20503,220.3566816
20504,281.3381989
20505,373.1316177
20506,467.2279885
20507,528.3979072
20508,538.7139787
20509,510.2999495
20510,475.1601682
20511,460.4743432
20512,470.3399243
20513,488.34818
20514,496.0981303
20515,489.1490674
20516,476.3799862
20517,465.9537652
20518,453.7876871
20519,426.5760539
20520,375.7815848
20521,307.843956
20522,240.2432949
20523,187.9561925
20524,154.5723417
20525,136.8166949
20526,136.3250533
20527,164.0489387
20528,230.0052908
20529,327.2403774
20530,427.1778989
20531,494.5068095
20532,511.2421529
20533,489.4946574
20534,461.2842324
20535,453.7956847
20536,471.0923592
20537,496.6966435
20538,512.1336949
20539,512.9096919
20540,507.8706215
20541,505.1445374
20542,500.5941597
20543,480.844714
20544,437.297988
20545,376.3575051
20546,315.4861592
20547,269.6410923
20548,242.3765962
20549,230.3738206
20550,235.2354116
20551,267.8976885
20552,338.3643334
20553,439.6450744
20554,543.0966242
20555,613.3343324
20556,632.3313755
20557,612.2087177
20558,585.0324704
20559,578.0303198
20560,595.2761072
20561,620.274374
20562,634.5334274
20563,633.5688106
20564,626.2608785
20565,620.7745155
20566,612.9931545
20567,589.5511464
20568,541.8697515
20569,476.3982042
20570,410.664735
20571,359.6895524
20572,327.0732537
20573,309.5333401
20574,308.7171814
20575,335.6208021
20576,400.3059005
20577,495.8126876
20578,593.4930856
20579,657.9456954
20580,671.1528803
20581,645.2906967
20582,612.5097879
20583,600.1122645
20584,612.207037
20585,632.298287
20586,641.8878337
20587,636.5038548
20588,625.0573578
20589,615.7395323
20590,604.4374335
20591,577.7711876
20592,527.1522852
20593,459.04096
20594,390.9910655
20595,338.0416773
20596,303.7915617
20597,284.9430788
20598,283.1340753
20599,309.363899
20600,373.6943743
20601,469.1374242
20602,566.98115
20603,631.7487222
20604,645.3739457
20605,620.0317218
20606,587.9030045
20607,576.3126238
20608,589.3558182
20609,610.4910303
20610,621.1719227
20611,616.9016426
20612,606.5884241
20613,598.4207547
20614,588.2648401
20615,562.7067055
20616,513.1327923
20617,446.003592
20618,378.8922684
20619,326.8547143
20620,293.489866
20621,275.4907365
20622,274.4949389
20623,301.5175957
20624,366.6359085
20625,462.8511755
20626,561.4073486
20627,626.7734299
20628,640.8570959
20629,615.8552692
20630,584.0027207
20631,572.6704334
20632,585.9629489
20633,607.3151264
20634,618.1534737
20635,613.9756551
20636,603.7049622
20637,595.543069
20638,585.3490988
20639,559.6864854
20640,509.9257835
20641,442.5345174
20642,375.1095531
20643,322.7256622
20644,288.9817805
20645,270.5593117
20646,269.0914641
20647,295.6032739
20648,360.1800228
20649,455.8039343
20650,553.6655152
20651,618.1697865
20652,631.1883077
20653,604.9302092
20654,571.6747953
20655,558.830798
20656,570.5048806
20657,590.1026882
20658,599.0198019
20659,592.7467728
20660,580.2227135
20661,569.6658604
20662,556.9344211
20663,528.5783321
20664,475.9643738
20665,405.5822766
20666,335.0708363
20667,279.5449276
20668,242.627598
20669,221.0154825
20670,216.3667446
20671,239.7479564
20672,301.2860618
20673,393.9794065
20674,489.0014814
20675,550.7305696
20676,561.0397259
20677,532.1877983
20678,496.5355433
20679,481.5652707
20680,491.4199977
20681,509.508286
20682,517.2243227
20683,510.0779973
20684,497.0471523
20685,486.385518
20686,473.96494
20687,446.3316717
20688,394.8534774
20689,326.041729
20690,257.5710524
20691,204.5846366
20692,170.7120687
20693,152.6418318
20694,152.0278848
20695,179.9435026
20696,246.5169534
20697,344.7170969
20698,445.6498287
20699,513.611504
20700,530.4172924
20701,508.3126633
20702,479.6735402
20703,471.9869063
20704,489.3612217
20705,515.1356913
20706,530.630143
20707,531.3008403
20708,526.0920936
20709,523.2222772
20710,518.5081397
20711,498.4263257
20712,557.0763129
20713,489.9581386
20714,422.5727357
20715,370.2734238
20716,336.7405817
20717,318.6188416
20718,317.5920338
20719,344.8999088
20720,410.8271124
20721,508.2593999
20722,607.9135086
20723,673.6033297
20724,686.9120229
20725,660.2857255
20726,626.5877551
20727,613.7252654
20728,625.8981246
20729,646.2449082
20730,655.8575628
20731,650.1652427
20732,638.2764228
20733,628.5637637
20734,616.8232106
20735,589.3785572
20736,537.4511534
20737,467.6444015
20738,397.900942
20739,343.5928515
20740,308.3985103
20741,288.9471883
20742,286.9129238
20743,313.5384776
20744,379.1082715
20745,476.4793899
20746,576.3043405
20747,642.3211547
20748,656.0639898
20749,629.9773754
20750,596.9544837
20751,584.9247343
20752,598.0738771
20753,619.4943147
20754,630.2294196
20755,625.6829182
20756,614.9601397
20757,606.4306963
20758,595.869367
20759,569.5655591
20760,518.7153201
20761,449.9220906
20762,381.1476349
20763,327.7806936
20764,293.4996958
20765,274.9244741
20766,273.7287713
20767,301.1710885
20768,367.5512138
20769,465.7156174
20770,566.272686
20771,632.9063258
20772,647.12462
20773,621.3941811
20774,588.6620645
20775,576.9039091
20776,590.3148312
20777,611.9637076
20778,622.866804
20779,618.422401
20780,607.7509072
20781,599.2351278
20782,588.6427479
20783,562.2405533
20784,511.2086551
20785,442.1574574
20786,373.0723379
20787,319.3608088
20788,284.7011744
20789,265.7015177
20790,264.0310239
20791,290.9579436
20792,356.7899737
20793,454.3543337
20794,554.2057888
20795,619.9640907
20796,633.1010399
20797,606.0953022
20798,571.9383275
20799,558.643385
20800,570.4076181
20801,590.270623
20802,599.2177042
20803,592.6400301
20804,579.67387
20805,568.7186728
20806,555.5413327
20807,526.3953092
20808,472.4571571
20809,400.359752
20810,328.1307151
20811,271.218023
20812,233.3244987
20813,211.0739089
20814,206.1608876
20815,229.8957548
20816,292.6284378
20817,387.202878
20818,484.1574506
20819,547.0858161
20820,557.4619324
20821,527.8148537
20822,491.2181556
20823,475.7593543
20824,485.6726046
20825,504.0010592
20826,511.729242
20827,504.2682413
20828,490.7935978
20829,479.7407498
20830,466.8906723
20831,438.4935254
20832,385.7271672
20833,315.2463649
20834,245.1147457
20835,190.8086984
20836,156.037603
20837,137.4170078
20838,136.6371911
20839,165.0149389
20840,232.90118
20841,333.1099629
20842,436.111577
20843,505.4171851
20844,522.4422123
20845,499.7016154
20846,470.2833498
20847,462.278757
20848,479.8865316
20849,506.0795181
20850,521.7668901
20851,522.3050862
20852,516.8350684
20853,513.7558569
20854,508.7922624
20855,488.1237723
20856,442.8657358
20857,379.6352226
20858,316.4771284
20859,268.846954
20860,240.4173114
20861,227.7586631
20862,232.5269443
20863,266.0226562
20864,338.5825017
20865,442.9831448
20866,549.6271717
20867,621.9515613
20868,641.3294323
20869,620.2856812
20870,591.9543144
20871,584.4695476
20872,602.0407109
20873,627.6230834
20874,642.1094088
20875,640.8660432
20876,633.0689967
20877,627.1549202
20878,618.8702489
20879,594.4046088
20880,544.8939265
20881,477.0021685
20882,408.8408215
20883,355.9297639
20884,321.9892683
20885,303.6275352
20886,302.5466286
20887,330.1081648
20888,396.7082664
20889,495.1554639
20890,595.8489051
20891,662.2101295
20892,675.6226979
20893,648.667791
20894,614.5650665
20895,601.5242028
20896,613.7905496
20897,634.3198826
20898,643.9992147
20899,638.2081915
20900,626.1540246
20901,616.300113
20902,604.3968496
20903,576.6198647
20904,524.0954408
20905,453.4985673
20906,382.9662808
20907,328.0371614
20908,292.429399
20909,272.7357214
20910,270.648265
20911,297.5315004
20912,363.7811502
20913,462.1768826
20914,563.053411
20915,629.7561998
20916,643.6195854
20917,617.2229138
20918,583.8154691
20919,571.6289684
20920,584.8944194
20921,606.5212076
20922,617.3475627
20923,612.7275036
20924,601.864909
20925,593.2199562
20926,582.521713
20927,555.9112804
20928,504.4895113
20929,434.9313232
20930,365.3927829
20931,311.4290572
20932,276.7583239
20933,257.9638275
20934,256.7373781
20935,284.4591683
20936,351.5402816
20937,450.7497763
20938,552.3782587
20939,619.717089
20940,634.0745561
20941,608.0521194
20942,574.9529785
20943,563.0551022
20944,576.5988962
20945,598.470248
20946,609.4803044
20947,604.9776558
20948,594.1812714
20949,585.5645235
20950,574.8493802
20951,548.1543049
20952,496.5641888
20953,426.7608775
20954,356.9240064
20955,302.6274596
20956,267.5892271
20957,248.3807335
20958,246.6891536
20959,273.9043472
20960,340.4452199
20961,439.061491
20962,539.9900563
20963,606.4580341
20964,619.7373469
20965,592.4414296
20966,557.9178062
20967,544.4820157
20968,556.3764429
20969,576.4576608
20970,585.5058367
20971,578.862449
20972,565.7623463
20973,554.6955848
20974,541.3834033
20975,511.9310237
20976,457.4198888
20977,384.5544481
20978,311.5567364
20979,254.0412819
20980,215.7507964
20981,193.2726131
20982,188.3196022
20983,212.3239583
20984,275.7471011
20985,371.3557707
20986,469.3707849
20987,532.9934937
20988,543.4983068
20989,513.5493824
20990,476.5767061
20991,460.9703974
20992,471.0101809
20993,489.5565045
20994,497.3890615
20995,489.8695396
20996,476.2723289
20997,465.123722
20998,452.1592587
20999,423.4810527
21000,370.172009
21001,298.9585927
21002,228.0989317
21003,173.2360145
21004,138.1191178
21005,119.3273222
21006,118.5690658
21007,147.2828897
21008,215.9310532
21009,317.2501986
21010,421.3928123
21011,491.4774602
21012,508.7196953
21013,485.7692172
21014,456.0699972
21015,448.0155554
21016,465.849703
21017,492.3621038
21018,508.2566039
21019,508.8397286
21020,503.3507651
21021,500.2790558
21022,495.3034418
21023,474.4548311
21024,428.7530933
21025,364.8864803
21026,301.0938883
21027,252.9969377
21028,224.3076803
21029,211.5596828
21030,216.4266433
21031,250.3304564
21032,323.718832
21033,429.2907457
21034,537.1307411
21035,610.2830066
21036,629.9206412
21037,608.7031849
21038,580.1206089
21039,572.6093046
21040,590.4237648
21041,616.3361803
21042,631.0341063
21043,629.8341694
21044,622.0109306
21045,616.091629
21046,607.7770332
21047,583.1085265
21048,533.1269235
21049,464.5677673
21050,395.7369623
21051,342.3209426
21052,308.0798715
21053,289.5855151
21054,288.5581674
21055,316.4813078
21056,383.8625324
21057,483.4331436
21058,585.2746967
21059,652.4163759
21060,666.04214
21061,638.8682098
21062,604.4705798
21063,591.3614493
21064,603.8316465
21065,624.6541435
21066,634.5110164
21067,628.7323983
21068,616.6242342
21069,606.7406576
21070,594.7865056
21071,566.7892418
21072,513.7800771
21073,442.5055845
21074,371.2971934
21075,315.859983
21076,279.9519495
21077,260.1292744
21078,258.1021888
21079,285.3568686
21080,352.4003341
21081,451.9348328
21082,553.9772801
21083,621.4805694
21084,635.579212
21085,608.9873665
21086,575.3104248
21087,563.0823971
21088,576.5795454
21089,598.5282335
21090,609.5615443
21091,604.9837848
21092,594.0973793
21093,585.4530657
21094,574.7341966
21095,547.9335621
21096,496.0568164
21097,425.8503493
21098,355.664526
21099,301.2209349
21100,266.2774983
21101,247.3808681
21102,246.2409172
21103,274.3595251
21104,342.2590661
21105,442.6311825
21106,545.4486952
21107,613.6104141
21108,628.224829
21109,602.0282416
21110,568.679991
21111,556.7603715
21112,570.5550733
21113,592.7669901
21114,604.0021445
21115,599.5594325
21116,588.7563788
21117,580.1569183
21118,569.4372969
21119,542.5676511
21120,490.5376472
21121,420.1005674
21122,349.6302999
21123,294.8670957
21124,259.5686257
21125,240.2696511
21126,238.6753313
21127,266.2971303
21128,333.6651575
21129,433.4516268
21130,535.5755595
21131,602.8714356
21132,616.4112946
21133,588.9433351
21134,554.1711503
21135,540.7125438
21136,552.8551367
21137,573.2724735
21138,582.5395795
21139,575.9482373
21140,562.83187
21141,551.7711358
21142,538.4416128
21143,508.8002801
21144,453.8334633
21145,380.3171803
21146,306.6678743
21147,248.6666198
21148,210.0960121
21149,187.5069457
21150,182.6305214
21151,207.0208032
21152,271.2506979
21153,368.0097386
21154,467.2011806
21155,531.6340578
21156,542.3832267
21157,512.2479435
21158,475.0145985
21159,459.3759095
21160,469.6571649
21161,488.5361028
21162,496.58758
21163,489.1238782
21164,475.5182317
21165,464.3877816
21166,451.4226272
21167,422.5768301
21168,368.8383369
21169,297.0053048
21170,225.5303571
21171,170.2230765
21172,134.8726304
21173,116.0216268
21174,115.3966574
21175,144.5580135
21176,214.0792787
21177,316.619684
21178,422.013907
21179,492.9879113
21180,510.5573718
21181,487.5067257
21182,457.6359545
21183,449.6407511
21184,467.8100383
21185,494.750293
21186,510.9600284
21187,511.695851
21188,506.2953674
21189,503.3382368
21190,498.457325
21191,477.534955
21192,431.4955112
21193,367.0984221
21194,302.7765789
21195,254.3177157
21196,225.4733189
21197,212.7400535
21198,217.8093748
21199,252.2245658
21200,326.5443373
21201,433.3899708
21202,542.5279623
21203,616.6097035
21204,636.6082685
21205,615.3178352
21206,586.5843338
21207,579.1463262
21208,597.3034618
21209,623.644838
21210,638.6528159
21211,637.594287
21212,629.8423577
21213,624.0148497
21214,615.7668593
21215,590.9915219
21216,540.6345346
21217,471.5030114
21218,402.097269
21219,348.2702916
21220,313.822128
21221,295.2881042
21222,294.4067389
21223,322.7833689
21224,391.0370587
21225,491.821877
21226,594.9017812
21227,662.9135947
21228,676.8416692
21229,649.5372599
21230,614.9326927
21231,601.8426829
21232,614.6035315
21233,635.8054018
21234,645.9254277
21235,640.2442245
21236,628.1664652
21237,618.3370128
21238,606.4151433
21239,578.280148
21240,524.8681614
21241,452.9973349
21242,381.1934849
21243,325.3281854
21244,289.1992329
21245,269.3262581
21246,267.4375812
21247,295.1410788
21248,363.0550632
21249,463.8043566
21250,567.0880709
21251,635.4665238
21252,649.8743965
21253,623.160655
21254,589.2867941
21255,577.0891123
21256,590.8891206
21257,613.2301564
21258,624.5401509
21259,620.0736942
21260,609.2317516
21261,600.6556164
21262,589.9829214
21263,563.0581411
21264,545.4973557
21265,473.7564281
21266,401.9803622
21267,346.2421383
21268,310.3787844
21269,290.8517299
21270,289.4021
21271,317.7845619
21272,386.7516288
21273,488.8204997
21274,593.2744431
21275,662.1626585
21276,676.1574153
21277,648.2764365
21278,612.9354496
21279,599.3567845
21280,611.9185314
21281,632.9281748
21282,642.5504523
21283,635.9777528
21284,622.7406454
21285,611.6009894
21286,598.143039
21287,568.027285
21288,512.0498167
21289,437.1297863
21290,362.0724516
21291,302.9919781
21292,263.7507257
21293,240.8267099
21294,235.9874913
21295,261.0308711
21296,326.7527284
21297,425.6881818
21298,527.10536
21299,593.0286636
21300,604.1338416
21301,573.490346
21302,535.5973755
21303,519.7528437
21304,530.3731663
21305,549.7706616
21306,558.1105131
21307,550.6061906
21308,536.8286167
21309,525.5766295
21310,512.4494477
21311,483.1050293
21312,428.3414045
21313,355.1001154
21314,282.2227765
21315,225.8521603
21316,189.8572168
21317,170.707609
21318,170.1662383
21319,200.0368966
21320,271.1158185
21321,375.9074137
21322,483.6107439
21323,556.16657
21324,574.1908131
21325,550.7373875
21326,520.3182973
21327,512.2335837
21328,530.8623944
21329,558.4448362
21330,575.0687585
21331,575.8909334
21332,570.4456095
21333,567.4930825
21334,562.5742709
21335,541.2743311
21336,494.3266807
21337,428.6331051
21338,363.0144891
21339,313.5907983
21340,284.1923919
21341,271.2421363
21342,276.4670054
21343,311.6530627
21344,387.581026
21345,496.7167935
21346,608.1907698
21347,683.8687591
21348,704.32379
21349,682.6193218
21350,653.3132079
21351,645.7483564
21352,664.314736
21353,691.2352625
21354,706.5819148
21355,705.5221198
21356,697.626081
21357,691.6927914
21358,683.2860092
21359,658.0023803
21360,606.5973731
21361,536.0212504
21362,465.1631601
21363,410.2091938
21364,375.039178
21365,356.1155657
21366,355.2133325
21367,384.1815376
21368,453.8621892
21369,556.7548969
21370,661.9884296
21371,731.4148976
21372,745.6194457
21373,717.7234067
21374,682.3717775
21375,668.9843133
21376,681.9882697
21377,703.608201
21378,713.9113652
21379,708.0793514
21380,695.7142973
21381,685.6425339
21382,673.4322244
21383,644.6663251
21384,590.0908271
21385,516.6670478
21386,443.3095881
21387,386.2230205
21388,349.2847533
21389,328.9413245
21390,326.9572437
21391,355.1837984
21392,424.4618961
21393,527.2615182
21394,632.6461814
21395,702.3910619
21396,717.0311916
21397,689.685163
21398,655.0266874
21399,642.4966512
21400,656.507075
21401,679.2352549
21402,690.69883
21403,686.0529689
21404,674.89573
21405,666.0495303
21406,655.0605744
21407,627.4767178
21408,574.018016
21409,501.6452748
21410,429.2917521
21411,373.1783004
21412,337.1820733
21413,317.7399446
21414,316.6159741
21415,345.6771017
21416,415.7795738
21417,519.3827833
21418,625.5061959
21419,695.8709698
21420,710.9861979
21421,683.9927094
21422,649.6182627
21423,637.3501285
21424,651.6098522
21425,674.5513463
21426,686.1652636
21427,681.6014172
21428,670.4730002
21429,661.6156375
21430,650.5684105
21431,622.8564768
21432,569.1838306
21433,496.5180668
21434,423.8158344
21435,367.3164888
21436,330.8967464
21437,310.9813811
21438,309.3295108
21439,337.8174149
21440,407.3088185
21441,510.2434235
21442,615.5866322
21443,684.9950144
21444,698.9409644
21445,670.576978
21446,634.6748602
21447,620.7592144
21448,633.2533757
21449,654.2818091
21450,663.804119
21451,656.9630078
21452,643.3876279
21453,631.93045
21454,618.1300767
21455,587.4987652
21456,530.7374973
21457,454.8370031
21458,378.7969581
21459,318.8980838
21460,279.0426335
21461,255.6721935
21462,250.5725651
21463,275.6634287
21464,341.8521605
21465,441.5966823
21466,543.8475703
21467,610.2369195
21468,621.2409355
21469,590.0641792
21470,551.5622644
21471,535.335713
21472,545.8465157
21473,565.2242913
21474,573.4293977
21475,565.6259096
21476,551.4836044
21477,539.8921798
21478,526.405425
21479,496.533257
21480,440.9787586
21481,366.7551755
21482,292.8986287
21483,235.7184962
21484,199.1236304
21485,179.5472328
21486,178.7703704
21487,208.7185965
21488,280.2994821
21489,385.940037
21490,494.5215259
21491,567.5921195
21492,585.5678728
21493,561.6374496
21494,530.6688762
21495,522.2643789
21496,540.8482289
21497,568.4773588
21498,585.034297
21499,585.6259095
21500,579.8847766
21501,576.6615232
21502,571.4511052
21503,549.6901066
21504,502.0164726
21505,435.4031778
21506,368.8651146
21507,318.6883756
21508,288.7427671
21509,275.414267
21510,280.4476196
21511,315.7502894
21512,392.2140084
21513,502.2269942
21514,614.6016166
21515,690.8108967
21516,711.2278514
21517,689.0505914
21518,659.1929425
21519,651.2999967
21520,669.806893
21521,696.7534675
21522,712.0065183
21523,710.6837511
21524,702.4539287
21525,696.2066402
21526,687.4599857
21527,661.6623768
21528,609.4741784
21529,537.9172381
21530,466.0751305
21531,410.3005111
21532,374.513106
21533,355.1389422
21534,353.9712345
21535,382.9809136
21536,453.1214703
21537,556.8152949
21538,662.8735727
21539,732.7560679
21540,746.8483323
21541,718.4067478
21542,682.4326573
21543,668.6483464
21544,681.5265581
21545,703.1090527
21546,713.2581604
21547,707.1059677
21548,694.3533547
21549,683.9173967
21550,671.3207108
21551,641.9980958
21552,586.6004811
21553,512.1607776
21554,437.7879883
21555,379.853195
21556,342.2736218
21557,321.4592708
21558,319.1927558
21559,347.4470799
21560,417.1744579
21561,520.7674611
21562,626.9718179
21563,697.1701439
21564,711.6976562
21565,683.80777
21566,648.5303147
21567,635.6084802
21568,649.4995518
21569,672.1978143
21570,683.5157705
21571,678.5588876
21572,667.0237802
21573,657.8234364
21574,646.4583564
21575,618.3280955
21576,564.0575209
21577,490.6789218
21578,417.3198653
21579,360.3676363
21580,323.7391435
21581,303.8346794
21582,302.4363773
21583,331.5328753
21584,402.0917215
21585,506.4949036
21586,613.4441134
21587,684.2679698
21588,699.2757777
21589,671.74322
21590,636.7542057
21591,624.0983424
21592,638.2424713
21593,661.1575223
21594,672.6290358
21595,667.7571414
21596,656.2535995
21597,647.044609
21598,635.6235409
21599,607.367237
21600,552.8844783
21601,479.2143082
21602,405.5076399
21603,348.1702075
21604,311.11842
21605,290.7403995
21606,288.8132606
21607,317.3348983
21608,387.2802536
21609,491.0115347
21610,597.1762816
21611,667.0384374
21612,680.8705254
21613,651.9598171
21614,615.4341987
21615,601.1205503
21616,613.4874552
21617,634.476362
21618,643.8417451
21619,636.6766235
21620,622.7087361
21621,610.8811676
21622,596.6868723
21623,565.4898768
21624,507.8960578
21625,430.9677261
21626,353.8989779
21627,293.1370935
21628,252.6242216
21629,228.7655223
21630,223.36504
21631,248.4643367
21632,315.0822881
21633,415.5996216
21634,518.6493631
21635,585.4713041
21636,596.3421092
21637,564.6014501
21638,525.4613576
21639,508.8249645
21640,519.1998376
21641,538.5328987
21642,546.5796816
21643,538.4548677
21644,523.927091
21645,511.9769103
21646,498.1126871
21647,467.6962987
21648,411.3358822
21649,336.1163881
21650,261.2684452
21651,203.2680386
21652,166.063924
21653,146.0528428
21654,145.0340286
21655,175.0547972
21656,247.1340569
21657,353.6214187
21658,463.0803514
21659,536.6664358
21660,554.5958619
21661,530.1920436
21662,498.67903
21663,489.9612333
21664,508.5080486
21665,536.1932347
21666,552.6939996
21667,553.0673032
21668,547.0440583
21669,543.5652189
21670,538.0797786
21671,515.875749
21672,467.495603
21673,399.9835044
21674,332.5483534
21675,281.6423691
21676,251.1748049
21677,237.49475
21678,242.3647186
21679,277.813576
21680,354.8440682
21681,465.7667314
21682,579.0759001
21683,655.851812
21684,676.2674713
21685,653.6556394
21686,623.286114
21687,615.10617
21688,633.5961159
21689,660.612707
21690,675.8175599
21691,674.2786577
21692,665.7633213
21693,659.2517352
21694,650.2163397
21695,623.9573111
21696,571.0399093
21697,498.5575655
21698,425.788279
21699,369.2512681
21700,332.9061568
21701,313.1425446
21702,311.7718834
21703,340.886974
21704,411.5527877
21705,516.1144939
21706,623.0656923
21707,693.4737988
21708,707.5247702
21709,678.6100355
21710,642.0872814
21711,627.9813214
21712,640.810384
21713,662.4334329
21714,672.5078685
21715,666.1162715
21716,653.0582625
21717,642.3416583
21718,629.4435271
21719,599.6505077
21720,543.5184652
21721,468.1519009
21722,392.854217
21723,334.1630021
21724,296.0352929
21725,274.8445523
21726,272.3914954
21727,300.7708379
21728,371.0460987
21729,475.5324354
21730,582.6577852
21731,653.4121994
21732,667.931077
21733,639.6026524
21734,603.8128697
21735,590.6072187
21736,604.4882456
21737,627.2672201
21738,638.5515052
21739,633.3968628
21740,621.5984599
21741,612.1598518
21742,600.5358301
21743,571.9776459
21744,455.0626244
21745,379.9281613
21746,304.7593052
21747,246.294528
21748,208.5296037
21749,187.7793309
21750,185.8567976
21751,215.0031099
21752,286.4156201
21753,392.3015292
21754,500.6726315
21755,572.0075969
21756,586.1791857
21757,556.7442006
21758,519.542669
21759,505.006004
21760,517.6932645
21761,539.1798455
21762,548.8099399
21763,541.5771791
21764,527.406454
21765,515.4220563
21766,501.0256219
21767,469.2846949
21768,410.614921
21769,332.2217505
21770,253.6880996
21771,191.7943442
21772,150.5624029
21773,126.3245611
21774,120.9213278
21775,146.6380065
21776,214.7164498
21777,317.3829743
21778,422.6354837
21779,490.9291398
21780,502.1415036
21781,469.8824461
21782,430.0768099
21783,413.2329269
21784,423.9494947
21785,443.8080177
21786,452.1543597
21787,444.0043928
21788,429.3244417
21789,417.276765
21790,403.2788456
21791,372.3964595
21792,315.0478291
21793,238.4612922
21794,162.2564701
21795,103.2425393
21796,65.4480395
21797,45.19676863
21798,44.32427083
21799,75.12136376
21800,148.8296073
21801,257.643792
21802,369.4917712
21803,444.7439235
21804,463.2166853
21805,438.5029477
21806,406.5387825
21807,397.8329497
21808,416.9450694
21809,445.3825294
21810,462.4118738
21811,462.9902269
21812,457.0451426
21813,453.6982106
21814,448.3064758
21815,425.8607818
21816,376.7126335
21817,308.0485496
21818,239.4654223
21819,187.7477004
21820,156.8835078
21821,143.1481329
21822,148.3396061
21823,184.7295708
21824,263.5427773
21825,376.9343756
21826,492.7626059
21827,571.3221153
21828,592.3858593
21829,569.5558772
21830,538.8138864
21831,530.7115044
21832,549.819355
21833,577.628008
21834,593.3886937
21835,592.0699264
21836,583.6361196
21837,577.2486245
21838,568.2885386
21839,541.7595439
21840,488.0366667
21841,414.3564816
21842,340.3858141
21843,282.9769844
21844,246.1693885
21845,226.2797473
21846,225.1559637
21847,255.1345548
21848,327.5034298
21849,434.4532923
21850,543.8425472
21851,615.9538908
21852,630.5740664
21853,601.3645734
21854,564.3957627
21855,550.2974807
21856,563.6789029
21857,586.0333768
21858,596.6084193
21859,590.3875771
21860,577.3679277
21861,566.738748
21862,553.8859852
21863,523.7999348
21864,466.84631
21865,390.2727697
21866,313.7714919
21867,254.2130548
21868,215.6340979
21869,194.3349825
21870,192.1526037
21871,221.4250788
21872,293.4385122
21873,400.3532114
21874,509.9615081
21875,582.4683026
21876,597.6093345
21877,569.0424542
21878,532.8658122
21879,519.7294758
21880,534.2264899
21881,557.8020725
21882,569.6532835
21883,564.7364521
21884,553.0438276
21885,543.7600774
21886,532.2485537
21887,503.4638771
21888,447.7453161
21889,372.3395752
21890,296.9571137
21891,238.4844799
21892,200.957813
21893,180.6676259
21894,179.4502381
21895,209.6593463
21896,282.5963692
21897,390.4110433
21898,500.8517034
21899,574.0693146
21900,589.7737827
21901,561.6453154
21902,525.8362386
21903,513.0431336
21904,527.8686937
21905,551.7348648
21906,563.811814
21907,559.0505845
21908,547.4586019
21909,538.2337508
21910,526.7322341
21911,497.8859107
21912,442.0178851
21913,366.3815088
21914,290.7104516
21915,231.9095467
21916,194.0142441
21917,173.3026736
21918,171.6059027
21919,201.2866365
21920,273.6534262
21921,380.8359622
21922,490.5281595
21923,562.8160448
21924,577.3724904
21925,547.889058
21926,510.5618395
21927,496.1245078
21928,509.1813534
21929,531.1247383
21930,541.0937087
21931,534.032196
21932,519.9636609
21933,508.1029929
21934,493.8061628
21935,461.9924674
21936,402.9824312
21937,324.0530688
21938,244.9817004
21939,182.7152444
21940,141.3154988
21941,117.0783062
21942,111.8624025
21943,138.0749566
21944,207.0693044
21945,310.9945521
21946,417.5310367
21947,486.7416007
21948,498.304248
21949,465.9639443
21950,426.0019335
21951,409.2291422
21952,420.2898284
21953,440.5827837
21954,449.2490321
21955,441.2550364
21956,426.6659624
21957,414.7349142
21958,400.8339312
21959,369.8807343
21960,312.1985848
21961,235.0875096
21962,158.3616227
21963,98.99669193
21964,61.06114542
21965,40.84230544
21966,40.19386768
21967,71.52839707
21968,146.1987757
21969,256.3223804
21970,369.5092533
21971,445.7371685
21972,464.6226823
21973,439.8934213
21974,407.841465
21975,399.2777449
21976,418.80699
21977,447.7534001
21978,465.1781839
21979,465.9885456
21980,460.2103567
21981,457.0555219
21982,451.8351094
21983,429.3913764
21984,379.9803409
21985,310.8596971
21986,241.8203305
21987,189.8128026
21988,158.8646706
21989,145.2143201
21990,150.6775378
21991,187.6473541
21992,267.4595195
21993,382.1914891
21994,499.3834543
21995,578.9372651
21996,600.4258511
21997,577.585889
21998,546.7550547
21999,538.7871354
22000,558.2979113
22001,586.5948583
22002,602.7240123
22003,601.604152
22004,593.2982363
22005,587.0581988
22006,578.2194648
22007,551.637468
22008,497.5921173
22009,423.3915584
22010,348.8970293
22011,291.1274006
22012,254.1619536
22013,234.2809699
22014,233.3505773
22015,263.829151
22016,337.1160687
22017,445.3248011
22018,555.9961559
22019,629.0204693
22020,643.984878
22021,614.685917
22022,577.5502694
22023,563.5102983
22024,577.2206533
22025,599.9918739
22026,610.866536
22027,604.7786699
22028,591.8240822
22029,581.2827805
22030,568.4951525
22031,538.3033227
22032,480.9779294
22033,403.8382113
22034,326.7707354
22035,266.8125759
22036,228.0401748
22037,206.717344
22038,204.6990697
22039,234.4451718
22040,307.3530487
22041,415.5055845
22042,526.3773098
22043,599.780551
22044,615.2512199
22045,586.5819767
22046,550.227077
22047,537.1388786
22048,551.9556783
22049,575.9396697
22050,588.0827639
22051,583.2915758
22052,571.6568979
22053,562.4539564
22054,551.000386
22055,522.1024946
22056,466.0043501
22057,390.0241275
22058,314.0665827
22059,255.1846841
22060,217.4543137
22061,197.1293904
22062,196.064295
22063,226.7344099
22064,300.5524435
22065,409.5907147
22066,521.2797722
22067,595.3780296
22068,611.3955928
22069,583.1475109
22070,547.1422487
22071,534.378712
22072,549.5048783
22073,573.7596988
22074,586.1082165
22075,581.4517794
22076,569.8963685
22077,560.7304308
22078,549.264447
22079,520.2819487
22080,464.0108158
22081,387.7758366
22082,311.5049337
22083,252.2693078
22084,214.1440899
22085,193.3707468
22086,191.7983314
22087,221.9111533
22088,295.1289684
22089,403.5039624
22090,514.4121767
22091,587.5470007
22092,602.3814244
22093,572.7417747
22094,535.1802136
22095,520.73268
22096,534.0487019
22097,556.3376144
22098,566.5333228
22099,559.5300649
22100,545.4498771
22101,533.5982527
22102,519.2855037
22103,487.282686
22104,427.8152088
22105,348.2316572
22106,268.503762
22107,205.7449901
22108,164.0570251
22109,139.6992734
22110,134.548704
22111,161.1343578
22112,230.9210602
22113,335.9807133
22114,443.6760942
22115,513.6777323
22116,525.4640809
22117,492.9152072
22118,452.6687626
22119,435.8382751
22120,447.1135699
22121,467.7107319
22122,476.5659521
22123,468.5962911
22124,453.9657619
22125,442.0183211
22126,428.0805711
22127,396.9221847
22128,338.7714684
22129,261.0001453
22130,183.6168286
22131,123.7638846
22132,85.54963645
22133,65.22493764
22134,64.6616422
22135,96.39406924
22136,171.88643
22137,283.1786942
22138,397.5630999
22139,474.6248236
22140,493.7805484
22141,468.8926431
22142,436.6092026
22143,428.0433359
22144,447.8448886
22145,477.154879
22146,494.8291879
22147,495.725106
22148,489.9668297
22149,486.8565857
22150,481.6594725
22151,459.0691677
22152,409.2462101
22153,339.5194757
22154,269.8738511
22155,217.4260174
22156,186.242972
22157,172.526205
22158,178.1092664
22159,215.5065809
22160,296.1649061
22161,412.0840096
22162,530.486041
22163,610.8800605
22164,632.6389789
22165,609.6341173
22166,578.5591175
22167,570.5699436
22168,590.3275394
22169,618.9562939
22170,635.2970557
22171,634.2188756
22172,625.8832647
22173,619.6327463
22174,610.7570805
22175,583.9634604
22176,529.4366844
22177,454.5564766
22178,379.3784946
22179,321.0881665
22180,283.8046667
22181,263.7718439
22182,262.8740587
22183,293.6915511
22184,367.7351749
22185,477.0411751
22186,588.8327691
22187,662.6079405
22188,677.7542266
22189,648.2032049
22190,610.7378981
22191,596.5931934
22192,610.4692211
22193,633.4937207
22194,644.5043337
22195,638.3855814
22196,625.3320066
22197,614.714355
22198,601.8274614
22199,571.365287
22200,513.5034022
22201,435.6326327
22202,357.8339414
22203,297.3109059
22204,258.1797777
22205,236.6678263
22206,234.6481365
22207,264.7022374
22208,338.3388289
22209,447.5633786
22210,559.532623
22211,633.6663218
22212,649.300566
22213,620.3628327
22214,583.6634894
22215,570.4571918
22216,585.4274951
22217,609.6535761
22218,621.9222036
22219,617.0902852
22220,605.347164
22221,596.0586314
22222,584.496612
22223,555.3191077
22224,498.6749924
22225,421.953919
22226,345.2549466
22227,285.7974707
22228,247.6971227
22229,227.1712347
22230,226.0922553
22231,257.0572595
22232,331.5902521
22233,441.6861413
22234,554.4576964
22235,629.2707863
22236,645.4357234
22237,616.9024053
22238,580.5354421
22239,567.6360709
22240,582.8975598
22241,607.3758724
22242,619.8309337
22243,615.1144034
22244,603.4308243
22245,594.1592123
22246,582.5643324
22247,553.2813958
22248,496.4430638
22249,419.4455681
22250,342.4110906
22251,282.5772057
22252,244.0587321
22253,223.0604798
22254,221.4494934
22255,251.8316935
22256,325.7380467
22257,435.1432406
22258,547.105449
22259,620.9254304
22260,635.8762986
22261,605.9191518
22262,567.9622284
22263,553.3437394
22264,566.7584564
22265,589.2326936
22266,599.4952216
22267,592.3905903
22268,578.1394181
22269,566.1378081
22270,551.6504192
22271,519.3000724
22272,459.2170676
22273,378.8215663
22274,298.2797154
22275,234.8715364
22276,192.7386042
22277,168.1038949
22278,162.8626161
22279,189.6656863
22280,260.0894262
22281,366.1285395
22282,474.8282491
22283,545.4667765
22284,557.3230303
22285,524.4121844
22286,483.7283035
22287,466.6875221
22288,478.0252383
22289,498.7748356
22290,507.6676776
22291,499.5714273
22292,484.748951
22293,472.6350625
22294,458.5109327
22295,426.9981914
22296,453.400882
22297,382.1788419
22298,311.0394437
22299,257.4316141
22300,225.5012371
22301,211.3760175
22302,216.9250377
22303,254.9055164
22304,336.9862315
22305,455.0115804
22306,575.5676349
22307,657.3778803
22308,679.4151954
22309,655.8201952
22310,623.9984576
22311,615.7103057
22312,635.7070149
22313,664.7468053
22314,681.2601558
22315,680.0166647
22316,671.3749524
22317,664.8587256
22318,655.6664184
22319,628.2087459
22320,572.4802901
22321,496.0039352
22322,419.2241817
22323,359.6595764
22324,321.5090829
22325,300.9436881
22326,299.8842206
22327,331.1546537
22328,406.4887961
22329,517.7684442
22330,631.5816378
22331,706.6416577
22332,721.9368452
22333,691.6688654
22334,653.3334223
22335,638.7704533
22336,652.7710531
22337,676.0973621
22338,687.177156
22339,680.7959392
22340,667.3457289
22341,656.3787482
22342,643.0987286
22343,611.9033053
22344,552.7779144
22345,473.2565567
22346,393.8089883
22347,331.9717942
22348,291.940846
22349,269.8703295
22350,267.6695268
22351,298.1633865
22352,373.0832115
22353,484.2796371
22354,598.2738118
22355,673.7003621
22356,689.4957373
22357,659.8570483
22358,622.3068867
22359,608.7045032
22360,623.82397
22361,648.3784293
22362,660.744365
22363,655.6792699
22364,643.5695868
22365,633.9622373
22366,622.0377242
22367,592.1574368
22368,534.2798603
22369,455.9376014
22370,377.6183247
22371,316.8742782
22372,277.900591
22373,256.8414193
22374,255.6053462
22375,287.03283
22376,362.8704662
22377,474.9583397
22378,589.7736588
22379,665.8972007
22380,682.239689
22381,653.0207154
22382,615.8171782
22383,602.5349747
22384,617.9579518
22385,642.7760942
22386,655.3390891
22387,650.3992159
22388,638.3581382
22389,628.7760069
22390,616.8261522
22391,586.8471406
22392,528.7811936
22393,450.1674257
22394,371.5165341
22395,310.3988369
22396,271.0085241
22397,249.4770885
22398,247.7075544
22399,278.5490599
22400,353.7549894
22401,465.1450294
22402,579.141615
22403,654.2602378
22404,669.3742553
22405,638.7143036
22406,599.900769
22407,584.8764022
22408,598.4264572
22409,621.2112015
22410,631.5491313
22411,624.1854157
22412,609.537832
22413,597.1836976
22414,582.29636
22415,549.2021649
22416,487.8411883
22417,405.7767386
22418,323.5637899
22419,258.8154666
22420,215.753121
22421,190.526862
22422,185.0683691
22423,212.27231
22424,283.9379898
22425,391.9057091
22426,502.5855759
22427,574.4711903
22428,586.4423648
22429,552.7844802
22430,511.204421
22431,493.7235289
22432,505.1683402
22433,526.2068296
22434,535.1606984
22435,526.7988084
22436,511.5817246
22437,499.1259689
22438,484.6218419
22439,452.3948799
22440,392.3885339
22441,312.1896235
22442,232.3902675
22443,170.6326352
22444,131.1447422
22445,110.0680433
22446,109.328875
22447,141.8268257
22448,219.360101
22449,333.7364566
22450,451.2947245
22451,530.442295
22452,549.9962376
22453,524.2231543
22454,490.8391912
22455,481.8639967
22456,502.0827712
22457,532.0869941
22458,550.1165677
22459,550.8790473
22460,544.7936089
22461,541.4334502
22462,535.925765
22463,512.5184968
22464,461.0857504
22465,389.1699527
22466,317.3379962
22467,263.2049249
22468,230.9560608
22469,216.6822108
22470,222.2702183
22471,260.5986935
22472,343.4474192
22473,462.5831024
22474,584.2737704
22475,666.8501163
22476,689.0849969
22477,665.2536693
22478,633.117674
22479,624.739508
22480,644.9156075
22481,674.2211027
22482,690.8812821
22483,689.6160127
22484,680.8824641
22485,674.2949295
22486,665.0061743
22487,637.2786697
22488,581.0118838
22489,503.8002757
22490,426.282762
22491,366.1444436
22492,327.6241731
22493,306.8565015
22494,305.7804859
22495,337.341961
22496,413.3862077
22497,525.7177925
22498,640.6071615
22499,716.3752387
22500,731.8107618
22501,701.2504348
22502,662.5462969
22503,647.8408053
22504,661.9705318
22505,685.5148118
22506,696.6964829
22507,690.2515358
22508,676.6707197
22509,665.5969913
22510,652.188525
22511,620.694788
22512,561.0061437
22513,480.7281757
22514,400.5250313
22515,338.0997939
22516,297.6881403
22517,275.4077091
22518,273.1858759
22519,303.9692939
22520,379.6005625
22521,491.8528957
22522,606.9296429
22523,683.0728589
22524,699.0191671
22525,669.1004902
22526,631.1955268
22527,617.4658202
22528,632.7306959
22529,657.5202739
22530,670.0058907
22531,664.8953265
22532,652.6735694
22533,642.9781007
22534,630.9437078
22535,600.7834684
22536,542.3606686
22537,463.2793873
22538,384.2215867
22539,322.9059364
22540,283.5673094
22541,262.3132691
22542,261.0704612
22543,292.8010307
22544,369.3628639
22545,482.518629
22546,598.4277494
22547,675.2784516
22548,691.7816601
22549,662.2918089
22550,624.7419359
22551,611.3402638
22552,626.9159242
22553,651.975908
22554,664.6647785
22555,659.6851208
22556,647.5371544
22557,637.8715928
22558,625.8160446
22559,595.5607495
22560,536.9527044
22561,457.6024611
22562,378.2149698
22563,316.5269161
22564,276.7721715
22565,255.0455657
22566,253.2681085
22567,284.4105425
22568,360.3374567
22569,472.791033
22570,587.8758328
22571,663.7147099
22572,678.9811397
22573,648.0405229
22574,608.8693159
22575,593.7125349
22576,607.4006712
22577,630.4109648
22578,640.8567707
22579,633.4335636
22580,618.6576964
22581,606.1970895
22582,591.179431
22583,557.7828248
22584,495.8522312
22585,413.0225283
22586,330.0430998
22587,264.6936181
22588,221.2353201
22589,195.7818774
22590,190.2832021
22591,217.7558323
22592,290.110562
22593,399.1104864
22594,510.8481529
22595,583.4248468
22596,595.5208292
22597,561.556581
22598,519.5953931
22599,501.961207
22600,513.5261251
22601,534.7754142
22602,543.8259408
22603,535.3971631
22604,520.0484921
22605,507.4873004
22606,492.8584501
22607,460.3394278
22608,399.7787282
22609,318.8348653
22610,238.2944554
22611,175.9662646
22612,136.1182015
22613,114.8552506
22614,114.1219047
22615,146.9395046
22616,225.2175831
22617,340.6864868
22618,459.3672417
22619,539.2746384
22620,559.0258711
22621,533.0222823
22622,499.3360307
22623,490.2889407
22624,510.7113266
22625,541.0114844
22626,559.2239861
22627,560.0064714
22628,553.8764385
22629,550.4974051
22630,544.9505927
22631,521.3353631
22632,547.0138481
22633,466.9254957
22634,386.7995202
22635,324.5389766
22636,284.4174198
22637,262.4930184
22638,260.7047696
22639,292.1450225
22640,368.7895728
22641,482.3030995
22642,598.4722924
22643,675.0273699
22644,690.4419269
22645,659.2161311
22646,619.6825107
22647,604.3883499
22648,618.209379
22649,641.4398128
22650,651.9878674
22651,644.499325
22652,629.5891162
22653,617.0157667
22654,601.8613074
22655,568.1556026
22656,505.648499
22657,422.0464467
22658,338.2932412
22659,272.335105
22660,228.473162
22661,202.7846488
22662,197.237712
22663,224.970763
22664,298.0060864
22665,408.0295749
22666,520.8162168
22667,594.0749857
22668,606.2865932
22669,572.0066228
22670,529.6547739
22671,511.8575907
22672,523.5327434
22673,544.9827935
22674,554.1197754
22675,545.6137458
22676,530.1229641
22677,517.4456559
22678,502.6812476
22679,469.8591782
22680,408.7329885
22681,327.0328895
22682,245.7399974
22683,182.8296774
22684,142.6097339
22685,121.1486831
22686,120.4091769
22687,153.5343108
22688,232.5449472
22689,349.0940265
22690,468.8847708
22691,549.5393735
22692,569.4751563
22693,543.2282042
22694,509.2266913
22695,500.0946206
22696,520.7074227
22697,551.2902127
22698,569.6722349
22699,570.4612156
22700,564.2729782
22701,560.8613627
22702,555.2616207
22703,531.4245349
22704,479.0332485
22705,405.7725506
22706,332.5973324
22707,277.4548751
22708,244.6093783
22709,230.0778555
22710,235.7826739
22711,274.8452291
22712,359.267316
22713,480.6602632
22714,604.6560116
22715,688.7996715
22716,711.4640593
22717,687.1937179
22718,654.462116
22719,645.9361013
22720,666.5024339
22721,696.3700671
22722,713.3539115
22723,712.0743742
22724,703.1857262
22725,696.4834363
22726,687.0289362
22727,658.7882117
22728,522.9788804
22729,446.9528279
22730,371.015048
22731,313.7772953
22732,279.6615254
22733,264.5371645
22734,270.3976272
22735,310.8498806
22736,398.3397428
22737,524.1677856
22738,652.6937773
22739,739.891662
22740,763.334175
22741,738.1044307
22742,704.0997537
22743,695.195693
22744,716.4596557
22745,747.3682412
22746,764.9156038
22747,763.5232302
22748,754.2395936
22749,747.2225139
22750,737.3507544
22751,707.9973298
22752,648.4910345
22753,566.8557852
22754,484.8970045
22755,421.2991262
22756,380.5403476
22757,358.5366116
22758,357.3363568
22759,390.6165957
22760,470.8914511
22761,589.502122
22762,710.8134995
22763,790.7923778
22764,807.0298841
22765,774.6729639
22766,733.7116793
22767,718.1036165
22768,732.9582192
22769,757.758005
22770,769.4961924
22771,762.6117014
22772,748.1876838
22773,736.4115082
22774,722.1680181
22775,688.817683
22776,625.6804435
22777,540.7913886
22778,455.9810257
22779,389.9514408
22780,347.1771516
22781,323.5565262
22782,321.1255132
22783,353.5610054
22784,433.3733926
22785,551.8713728
22786,673.3515138
22787,753.7004517
22788,770.4558673
22789,738.7585662
22790,698.6239017
22791,684.0271848
22792,700.0592738
22793,726.1521683
22794,739.2463327
22795,733.7512853
22796,720.7432971
22797,710.403223
22798,697.5915689
22799,665.6315581
22800,603.815294
22801,520.1757013
22802,436.5605429
22803,371.6870303
22804,330.0285134
22805,307.4730135
22806,306.0555641
22807,339.4684448
22808,420.2372997
22809,539.6603121
22810,661.9902082
22811,743.0599249
22812,760.381606
22813,729.1187537
22814,689.3412573
22815,675.0713058
22816,691.4097536
22817,717.7656424
22818,731.0528081
22819,725.6756826
22820,712.7258348
22821,702.3973701
22822,689.5435805
22823,657.46476
22824,606.7107019
22825,519.0257543
22826,431.4237214
22827,363.2726838
22828,319.2063794
22829,294.9769885
22830,292.6928343
22831,326.5176283
22832,409.4069467
22833,532.3598023
22834,658.4015674
22835,741.8485913
22836,759.4392517
22837,726.8536016
22838,685.5314225
22839,670.6571959
22840,687.5027938
22841,714.768127
22842,728.5730704
22843,723.1282924
22844,709.9042443
22845,699.4440213
22846,686.4252662
22847,653.5779574
22848,589.8134008
22849,503.45041
22850,417.1139385
22851,350.186884
22852,307.3015718
22853,284.1996522
22854,282.9884084
22855,317.8468667
22856,401.7458339
22857,525.673827
22858,652.6124313
22859,736.8243807
22860,755.0226227
22861,722.9100278
22862,681.9810438
22863,667.46716
22864,684.6503695
22865,712.2077381
22866,726.2326062
22867,720.9306267
22868,707.7875916
22869,697.3598567
22870,684.3178262
22871,651.3684862
22872,587.4066025
22873,500.7571117
22874,414.0675089
22875,346.7381687
22876,303.3997899
22877,279.7805862
22878,277.9814357
22879,312.1891403
22880,395.3803487
22881,518.5222093
22882,644.5405602
22883,727.6318938
22884,744.4708751
22885,710.7705667
22886,668.0681377
22887,651.6312748
22888,666.7428543
22889,692.0498558
22890,703.614236
22891,695.6345395
22892,679.6128871
22893,666.1232444
22894,649.836718
22895,613.4490091
22896,545.8539332
22897,455.4020789
22898,364.7869401
22899,293.4536804
22900,246.0623984
22901,218.3624064
22902,212.4859522
22903,242.668296
22904,321.9351307
22905,441.2775135
22906,563.6123946
22907,643.1179292
22908,656.4788753
22909,619.4667274
22910,573.7088536
22911,554.5552084
22912,567.3335657
22913,590.7021258
22914,600.7294237
22915,591.6408908
22916,574.984412
22917,561.3758792
22918,545.5057836
22919,510.0711258
22920,548.0095994
22921,454.4632897
22922,360.7505508
22923,286.982751
22924,237.9795415
22925,209.3444987
22926,203.2828126
22927,234.5172398
22928,316.5194405
22929,439.9716639
22930,566.5206289
22931,648.7752457
22932,662.6220781
22933,624.3730333
22934,577.081117
22935,557.3066957
22936,570.5598185
22937,594.7678658
22938,605.1800461
22939,595.8241867
22940,578.643568
22941,564.617496
22942,548.2547192
22943,511.6600495
22944,443.3526172
22945,351.9946821
22946,261.0958483
22947,190.7972578
22948,145.925347
22949,122.0745348
22950,121.4435273
22951,158.7582187
22952,247.4867439
22953,378.2757465
22954,512.6969872
22955,603.2688826
22956,625.8103945
22957,596.609249
22958,558.7218062
22959,548.7003716
22960,572.0068772
22961,606.4850684
22962,627.2949136
22963,628.3952509
22964,621.680113
22965,618.0775126
22966,612.0250794
22967,585.5420473
22968,527.0703101
22969,445.2200089
22970,363.4680266
22971,301.9211824
22972,265.3563806
22973,249.3109738
22974,255.9382318
22975,299.9376539
22976,394.7541093
22977,530.9889641
22978,670.1395947
22979,764.6448196
22980,790.2771877
22981,763.3315967
22982,726.9090433
22983,717.6046509
22984,740.8922792
22985,774.6007271
22986,793.8774434
22987,792.6963401
22988,782.9928412
22989,775.7400518
22990,765.4057272
22991,734.0286923
22992,670.0817256
22993,582.2329249
22994,494.037466
22995,425.6787767
22996,381.9940647
22997,358.5713555
22998,357.6231533
22999,393.9232307
23000,480.9889671
23001,609.466503
23002,740.8623905
23003,827.6122218
23004,845.510701
23005,810.9201288
23006,767.0375935
23007,750.5433672
23008,766.9561937
23009,794.1133556
23010,807.1636345
23011,800.1003359
23012,784.8952067
23013,772.5522247
23014,757.5462282
23015,721.9041812
23016,699.4526632
23017,608.1471318
23018,516.4844942
23019,445.3144281
23020,399.6337318
23021,374.8847198
23022,373.3528451
23023,410.2993596
23024,499.687565
23025,631.8547176
23026,767.0370272
23027,856.1006935
23028,874.042041
23029,837.7635589
23030,791.8877113
23031,774.3048836
23032,790.7157617
23033,818.2264433
23034,831.1659911
23035,823.3296906
23036,807.0842509
23037,793.796618
23038,777.7594366
23039,740.4070325
23040,669.823447
23041,574.9743823
23042,480.2174758
23043,406.419336
23044,358.5719867
23045,332.0987253
23046,329.2707588
23047,365.3471811
23048,454.2852774
23049,586.38731
23050,721.8185012
23051,811.3620956
23052,829.9580792
23053,794.4998523
23054,749.6322006
23055,733.2602793
23056,751.0632818
23057,780.09396
23058,794.6259026
23059,788.4224063
23060,773.8408687
23061,762.2394661
23062,747.8844405
23063,712.171009
23064,643.1537246
23065,549.7946903
23066,456.4675806
23067,384.0531263
23068,337.5413885
23069,312.3447234
23070,310.7330161
23071,347.9805143
23072,438.0596807
23073,571.2623238
23074,707.7100023
23075,798.1325345
23076,817.4447153
23077,782.563036
23078,738.1872394
23079,722.2697826
23080,740.5002605
23081,769.9088329
23082,784.7427663
23083,778.7605011
23084,764.3348709
23085,752.8373355
23086,738.5268414
23087,702.7754724
23088,633.6210119
23089,540.0313684
23090,446.4023533
23091,373.6316863
23092,326.7072362
23093,301.0272871
23094,298.8546239
23095,335.4705264
23096,424.8525215
23097,557.2702524
23098,692.7887302
23099,782.0707463
23100,799.9920606
23101,763.4786552
23102,717.2723642
23103,699.3613013
23104,715.4355131
23105,742.4947677
23106,754.7547867
23107,745.9669003
23108,728.5204434
23109,713.804845
23110,696.0803105
23111,656.708401
23112,778.249117
23113,681.2086951
23114,584.1938269
23115,508.7509432
23116,460.0290956
23117,433.2942847
23118,430.8886605
23119,468.5732336
23120,560.7656453
23121,697.4480546
23122,837.4708961
23123,929.9938026
23124,949.1323897
23125,912.3425356
23126,865.7485593
23127,848.5122371
23128,866.5043216
23129,896.0230158
23130,910.4951103
23131,903.4802867
23132,887.7456217
23133,875.0248463
23134,859.3940401
23135,821.6320004
23136,749.3956334
23137,651.9386171
23138,554.4337969
23139,478.4443842
23140,429.1169952
23141,401.7032843
23142,398.5380009
23143,435.3888657
23144,526.6782473
23145,662.3657933
23146,801.245044
23147,892.4082643
23148,909.9317091
23149,871.2804442
23150,822.6206084
23151,803.149403
23152,818.7378486
23153,845.6536297
23154,857.2919287
23155,847.2053249
23156,828.1774814
23157,811.9602667
23158,792.6312752
23159,750.9591291
23160,674.6012003
23161,572.838545
23162,470.8920453
23163,390.3720483
23164,336.4572173
23165,304.4232425
23166,296.6394536
23167,328.9254941
23168,415.7564713
23169,547.1198379
23170,681.8043136
23171,768.8880298
23172,782.461636
23173,740.0529907
23174,687.9228077
23175,665.3549048
23176,678.2694745
23177,702.9495772
23178,712.8009627
23179,701.4068742
23180,681.6002587
23181,665.1781303
23182,646.240344
23183,605.5593153
23184,530.7996201
23185,431.268821
23186,332.227052
23187,255.3148783
23188,205.7178276
23189,178.7021371
23190,176.6299744
23191,215.3230575
23192,309.2515191
23193,448.3653763
23194,591.3761877
23195,687.269027
23196,710.0640326
23197,677.2616467
23198,635.1223998
23199,622.9182337
23200,646.5171615
23201,682.114331
23202,703.0217929
23203,702.7491981
23204,694.0755367
23205,688.7417538
23206,680.7717846
23207,650.8476809
23208,343.2441738
23209,242.634751
23210,142.5318046
23211,65.24223475
23212,16.11109053
23213,-9.741324883
23214,-9.880269526
23215,32.00293145
23216,130.8236678
23217,276.2222688
23218,425.6390163
23219,526.4885332
23220,551.9914048
23221,520.1869818
23222,478.759794
23223,468.190434
23224,494.5273188
23225,533.2328093
23226,556.7975826
23227,558.5315741
23228,551.607011
23229,548.1260645
23230,541.9287285
23231,513.1026744
23232,448.8485331
23233,358.7017845
23234,268.6612904
23235,200.9933953
23236,160.9876959
23237,143.7018719
23238,151.520084
23239,200.7199236
23240,306.189323
23241,457.5196748
23242,612.0737803
23243,717.1841558
23244,746.0230729
23245,716.6357739
23246,676.7507742
23247,666.8914635
23248,693.1187924
23249,730.8813963
23250,752.6592543
23251,751.7797748
23252,741.4595274
23253,733.8492455
23254,722.823001
23255,688.4924506
23256,618.0939013
23257,521.2259301
23258,423.9711305
23259,348.67814
23260,300.7027342
23261,275.1592767
23262,274.4972533
23263,315.0746435
23264,411.8579731
23265,554.4894082
23266,700.3467877
23267,796.7650781
23268,816.9441497
23269,779.0018161
23270,730.7675376
23271,712.8543549
23272,731.3722247
23273,761.78198
23274,776.5682177
23275,769.08058
23276,752.5743427
23277,739.2330328
23278,722.9392621
23279,683.7938234
23280,609.0250868
23281,508.2429771
23282,407.5546353
23283,329.325138
23284,278.9047349
23285,251.387782
23286,249.2083103
23287,288.7207379
23288,384.8840007
23289,527.3035524
23290,673.2844078
23291,770.0766495
23292,790.8218149
23293,753.6265949
23294,706.3407231
23295,689.5899725
23296,709.4608025
23297,741.3587507
23298,757.7110648
23299,751.8336155
23300,736.9706923
23301,725.295499
23302,710.6628233
23303,673.1330681
23304,529.069289
23305,428.547222
23306,327.6331339
23307,249.3419104
23308,199.1889154
23309,172.1427995
23310,170.7259948
23311,211.7839571
23312,310.7291318
23313,456.8947973
23314,606.3884468
23315,704.9756506
23316,725.0578953
23317,685.293179
23318,634.9363332
23319,615.8105075
23320,634.2075953
23321,664.85724
23322,679.4243141
23323,671.0604341
23324,653.4158322
23325,639.0369975
23326,621.6243421
23327,580.6860137
23328,503.0701207
23329,398.6729447
23330,294.3792195
23331,213.2200427
23332,160.7049102
23333,131.7820162
23334,128.9577921
23335,169.0735006
23336,267.5332887
23337,413.6329505
23338,563.4063301
23339,662.533248
23340,683.3559629
23341,644.5204375
23342,595.3008578
23343,577.532191
23344,597.4819339
23345,629.8235588
23346,646.1637471
23347,639.6195426
23348,623.8294378
23349,611.3288996
23350,595.7898748
23351,556.6795436
23352,480.814878
23353,378.0871283
23354,275.3958506
23355,195.7852645
23356,144.7621122
23357,117.2630553
23358,115.7928002
23359,157.2075335
23360,256.9265068
23361,404.2351248
23362,555.1237496
23363,655.2190519
23364,676.8384489
23365,638.6513926
23366,589.987451
23367,572.7293211
23368,593.1553102
23369,625.9166685
23370,642.5940655
23371,636.2999227
23372,620.6883108
23373,608.3080176
23374,592.8236171
23375,553.6789559
23376,477.6739101
23377,374.7050815
23378,271.6935832
23379,191.6999234
23380,140.2278395
23381,112.199008
23382,110.1100358
23383,150.8230728
23384,249.761317
23385,396.186861
23386,546.0323693
23387,644.8563562
23388,664.936122
23389,624.9496022
23390,574.2675512
23391,554.8075475
23392,572.8477318
23393,603.0085273
23394,616.8388311
23395,607.4439579
23396,588.4947347
23397,572.5584429
23398,553.3017254
23399,510.1590137
